{
    "v004_rawvalue": {
        "name": "Primary care doctors per 100,000, 2016",
        "nameShort": "# of Primary Care",
        "desc": "",
        "seq": 0,
        "average": true},
    "v005_rawvalue": {
        "name": "Preventable hospital stay, 2016",
        "nameShort": "# of Prevental Hosp Stay",
        "desc": "",
        "seq": 1,
        "average": false},            
    "v063_rawvalue": {
        "name": "Median income, 2017 ($1000)",
        "nameShort": "Median Income",
        "desc": "",
        "seq": 2,
        "average": true},
    "v125_rawvalue": {
        "name": "Air pollution-particulate matter, 2014",
        "nameShort": "Air Polution",
        "desc": "",
        "seq": 3,
        "average": true},
    "ecotype_2015": {
        "name": "% Urban",
        "nameShort": "% Urban",        
        "desc": "",
        "seq": 4,
        "average": true},
    "v132_rawvalue": {
        "name": "Access to exercise opportunities, 2010 & 2013",
        "nameShort": "Access to Exercise*",
        "desc": "",
        "seq": 5,
        "average": true},
    "v133_rawvalue": {
        "name": "Food environment index, 2012",
        "nameShort": "Food Environment Index*",
        "desc": "",
        "seq": 6,
        "average": true},
    "asdr": {
        "name": "Cardiometabolic mortality rates, 2014-2016",
        "nameShort": "Cardiometabolic Mortality",        
        "desc": "",
        "seq": 7, 
        "average": true},
    "highover_2015": {
        "name": "% High school education or over, 2012-2016",
        "nameShort": "% High School",
        "desc": "",
        "seq": 8,
        "average": true}
}


