{
    "caseratecounty": {
        "name": "COVID cases per 100,000",
        "nameShort": "COVID Case Rate / 1M",        
        "desc": "",
        "group": "outcomes",
        "seq": 0,
        "rangeMax": 1000},
    "covidmortalitycounty": {
        "name": "COVID deaths per 100,000",
        "nameShort": "COVID Mortality / 100k",
        "group": "outcomes",        
        "desc": "",
        "seq": 1,  
        "rangeMax": 100},
    "ecotype_2015": {
        "name": "Urban Percentage of Population",
        "nameShort": "% Urban",
        "desc": "",
        "group": "exposure",
        "seq": 2,
        "rangeMax": 10},
    "PCT_NHBLACK10": {
        "name": "% Blacks",
        "nameShort": "% Blacks",        
        "desc": "",
        "group": "exposure",
        "seq": 6,
        "rangeMax": 100},
    "PCT_HISP10": {
        "name": "% Hispanics",
        "nameShort": "% Hispanics",        
        "desc": "",
        "group": "exposure",
        "seq": 5,
        "rangeMax": 100},
    "v053_rawvalue": {
        "name": "% Aged 65 years or over, 2017",
        "nameShort": "% Over 65 Yrs",
        "desc": "",
        "group": "exposure",
        "seq": 9,
        "rangeMax": 100},
    "v023_rawvalue": {
        "name": "% Unemployed 2006-2010",
        "nameShort": "% Unemployed",
        "desc": "",
        "group": "exposure",
        "seq": 8,
        "rangeMax": 100},
    "DiagDiabetes_2016": {
        "name": "% Diabetes, 2016",
        "nameShort": "% Diabetes",
        "desc": "",
        "group": "exposure",
        "seq": 3,
        "rangeMax": 100},
    "Obesity_2016": {
        "name": "% Obesity, 2016",
        "nameShort": "% Obesity",
        "desc": "",
        "group": "exposure",
        "seq": 4,
        "rangeMax": 100},
    "POVRATE10": {
        "name": "% Poverty, 2010",
        "nameShort": "% Poverty",        
        "desc": "",
        "group": "exposure",
        "seq": 7,
        "rangeMax": 100},
    "v137_rawvalue": {
        "name": "% Long commute-driving alone, 2009-2013",
        "nameShort": "% Long Commute",
        "desc": "",
        "group": "exposure",
        "seq": 10,
        "rangeMax": 1},
    "v004_rawvalue": {
        "name": "Primary care doctors per 1,000,000, 2016",
        "nameShort": "# of Primary Care / 1M",
        "desc": "",
        "group": "misc",
        "seq": 2,
        "rangeMax": 10}
}


