{
    "cases": {
        "name": "Total COVID-19 Cases",
        "group": "outcomes"},
    "deaths": {
        "name": "Total COVID-19 Deaths",
        "group": "outcomes"},
    "dailycases": {
        "name": "Daily COVID-19 Cases",
        "group": "outcomes"},
    "dailydeaths": {
        "name": "Daily COVID-19 Deaths",
        "group": "outcomes"},
    "mean7daycases": {
        "name": "Average Daily Cases",
        "group": "outcomes"},
    "mean7daydeaths": {
        "name": "Average Daily Deaths",
        "group": "outcomes"},
    "covidmortality": {
        "name": "Total Deaths per 100,000",
        "group": "outcomes"},
    "caserate": {
        "name": "Total Cases per 100,000",
        "group": "outcomes"},
    "covidmortality7day": {
        "name": "Average Daily Deaths per 100,000",
        "group": "outcomes"},
    "caserate7day": {
        "name": "Average Daily Cases per 100,000",
        "group": "outcomes"},
    "black": {
        "name": "% African American",
        "group": "exposure"},
    "minority": {
        "name": "% Minority",
        "group": "exposure"},
    "poverty": {
        "name": "% in Poverty",
        "group": "exposure"},
    "PCTUI": {
        "name": "% Uninsured",
        "group": "exposure"},
    "diabetes": {
        "name": "% Diabetes",
        "group": "exposure"},
    "obesity": {
        "name": "% Obesity",
        "group": "exposure"},
    "age65over": {
        "name": "% over 65 y/o",
        "group": "exposure"},
    "groupquater": {
        "name": "% in Group Quarters",
        "group": "exposure"},
    "male": {
        "name": "% Male",
        "group": "exposure"},
    "RPL_THEME1": {
        "name": "Socioeconomic Vulnerability",
        "group": "exposure"},
    "RPL_THEME2": {
        "name": "Household Composition Vulnerability",
        "group": "exposure"},
    "RPL_THEME3": {
        "name": "Minority/Language Vulnerability",
        "group": "exposure"},
    "RPL_THEME4": {
        "name": "Housing/Transportaion Vulnerability",
        "group": "exposure"},
    "Population": {
        "name": "Population",
        "group": "misc"},
    "popden": {
        "name": "Population Density",
        "group": "misc"},
    "hhincome": {
        "name": "Household Income",
        "group": "misc"},
    "_013_Urbanization": {
        "name": "Urban-Rural Status",
        "group": "misc"}        
}


