{"13": {"outcome": "COVID Death", "NObs": 5605.0, "FEMALE_N": 5599.0, "FEMALE_NMiss": 6.0, "FEMALE_Mean": 0.4845508126, "FEMALE_Sum": 2713.0, "Race_3_N": 5498.0, "Race_3_NMiss": 107.0, "Race_3_Mean": 1.6258639505, "Race_3_Sum": 8939.0, "age4cat_N": 5605.0, "age4cat_NMiss": 0.0, "age4cat_Mean": 3.7161462979, "age4cat_Sum": 20829.0, "cdc_underlying2_N": 3393.0, "cdc_underlying2_NMiss": 2212.0, "cdc_underlying2_Mean": 0.9015620395, "cdc_underlying2_Sum": 3059.0, "femalePmiss": 0.1070472792, "race_3Pmiss": 1.9090098127, "age4catPmiss": 0.0, "cdc_underlying2Pmiss": 39.464763604, "cdc_underlying2Percent": 90.156203949, "state": 13.0, "countyname": ""}, "13001": {"outcome": "COVID Death", "NObs": 23.0, "FEMALE_N": 23.0, "FEMALE_NMiss": 0.0, "FEMALE_Mean": 0.3043478261, "FEMALE_Sum": 7.0, "Race_3_N": 23.0, "Race_3_NMiss": 0.0, "Race_3_Mean": 1.2608695652, "Race_3_Sum": 29.0, "age4cat_N": 23.0, "age4cat_NMiss": 0.0, "age4cat_Mean": 3.7391304348, "age4cat_Sum": 86.0, "cdc_underlying2_N": 13.0, "cdc_underlying2_NMiss": 10.0, "cdc_underlying2_Mean": 0.8461538462, "cdc_underlying2_Sum": 11.0, "femalePmiss": 0.0, "race_3Pmiss": 0.0, "age4catPmiss": 0.0, "cdc_underlying2Pmiss": 43.47826087, "cdc_underlying2Percent": 84.615384615, "county": 1.0, "state": 13.0, "countyname": "APPLING"}, "13003": {"outcome": "COVID Death", "NObs": 3.0, "FEMALE_N": 3.0, "FEMALE_NMiss": 0.0, "FEMALE_Mean": 0.3333333333, "FEMALE_Sum": 1.0, "Race_3_N": 3.0, "Race_3_NMiss": 0.0, "Race_3_Mean": 2.0, "Race_3_Sum": 6.0, "age4cat_N": 3.0, "age4cat_NMiss": 0.0, "age4cat_Mean": 3.6666666667, "age4cat_Sum": 11.0, "cdc_underlying2_N": 2.0, "cdc_underlying2_NMiss": 1.0, "cdc_underlying2_Mean": 1.0, "cdc_underlying2_Sum": 2.0, "femalePmiss": 0.0, "race_3Pmiss": 0.0, "age4catPmiss": 0.0, "cdc_underlying2Pmiss": 33.333333333, "cdc_underlying2Percent": 100.0, "county": 3.0, "state": 13.0, "countyname": "ATKINSON"}, "13005": {"outcome": "COVID Death", "NObs": 9.0, "FEMALE_N": 9.0, "FEMALE_NMiss": 0.0, "FEMALE_Mean": 0.5555555556, "FEMALE_Sum": 5.0, "Race_3_N": 9.0, "Race_3_NMiss": 0.0, "Race_3_Mean": 1.3333333333, "Race_3_Sum": 12.0, "age4cat_N": 9.0, "age4cat_NMiss": 0.0, "age4cat_Mean": 3.6666666667, "age4cat_Sum": 33.0, "cdc_underlying2_N": 5.0, "cdc_underlying2_NMiss": 4.0, "cdc_underlying2_Mean": 1.0, "cdc_underlying2_Sum": 5.0, "femalePmiss": 0.0, "race_3Pmiss": 0.0, "age4catPmiss": 0.0, "cdc_underlying2Pmiss": 44.444444444, "cdc_underlying2Percent": 100.0, "county": 5.0, "state": 13.0, "countyname": "BACON"}, "13007": {"outcome": "COVID Death", "NObs": 3.0, "FEMALE_N": 3.0, "FEMALE_NMiss": 0.0, "FEMALE_Mean": 0.3333333333, "FEMALE_Sum": 1.0, "Race_3_N": 3.0, "Race_3_NMiss": 0.0, "Race_3_Mean": 2.0, "Race_3_Sum": 6.0, "age4cat_N": 3.0, "age4cat_NMiss": 0.0, "age4cat_Mean": 3.6666666667, "age4cat_Sum": 11.0, "cdc_underlying2_N": 1.0, "cdc_underlying2_NMiss": 2.0, "cdc_underlying2_Mean": 1.0, "cdc_underlying2_Sum": 1.0, "femalePmiss": 0.0, "race_3Pmiss": 0.0, "age4catPmiss": 0.0, "cdc_underlying2Pmiss": 66.666666667, "cdc_underlying2Percent": 100.0, "county": 7.0, "state": 13.0, "countyname": "BAKER"}, "13009": {"outcome": "COVID Death", "NObs": 52.0, "FEMALE_N": 52.0, "FEMALE_NMiss": 0.0, "FEMALE_Mean": 0.1730769231, "FEMALE_Sum": 9.0, "Race_3_N": 51.0, "Race_3_NMiss": 1.0, "Race_3_Mean": 1.4705882353, "Race_3_Sum": 75.0, "age4cat_N": 52.0, "age4cat_NMiss": 0.0, "age4cat_Mean": 3.7307692308, "age4cat_Sum": 194.0, "cdc_underlying2_N": 21.0, "cdc_underlying2_NMiss": 31.0, "cdc_underlying2_Mean": 0.9523809524, "cdc_underlying2_Sum": 20.0, "femalePmiss": 0.0, "race_3Pmiss": 1.9230769231, "age4catPmiss": 0.0, "cdc_underlying2Pmiss": 59.615384615, "cdc_underlying2Percent": 95.238095238, "county": 9.0, "state": 13.0, "countyname": "BALDWIN"}, "13011": {"outcome": "COVID Death", "NObs": 6.0, "FEMALE_N": 6.0, "FEMALE_NMiss": 0.0, "FEMALE_Mean": 0.3333333333, "FEMALE_Sum": 2.0, "Race_3_N": 6.0, "Race_3_NMiss": 0.0, "Race_3_Mean": 1.0, "Race_3_Sum": 6.0, "age4cat_N": 6.0, "age4cat_NMiss": 0.0, "age4cat_Mean": 3.8333333333, "age4cat_Sum": 23.0, "cdc_underlying2_N": 5.0, "cdc_underlying2_NMiss": 1.0, "cdc_underlying2_Mean": 1.0, "cdc_underlying2_Sum": 5.0, "femalePmiss": 0.0, "race_3Pmiss": 0.0, "age4catPmiss": 0.0, "cdc_underlying2Pmiss": 16.666666667, "cdc_underlying2Percent": 100.0, "county": 11.0, "state": 13.0, "countyname": "BANKS"}, "13013": {"outcome": "COVID Death", "NObs": 39.0, "FEMALE_N": 39.0, "FEMALE_NMiss": 0.0, "FEMALE_Mean": 0.641025641, "FEMALE_Sum": 25.0, "Race_3_N": 38.0, "Race_3_NMiss": 1.0, "Race_3_Mean": 1.4736842105, "Race_3_Sum": 56.0, "age4cat_N": 39.0, "age4cat_NMiss": 0.0, "age4cat_Mean": 3.8974358974, "age4cat_Sum": 152.0, "cdc_underlying2_N": 24.0, "cdc_underlying2_NMiss": 15.0, "cdc_underlying2_Mean": 0.9583333333, "cdc_underlying2_Sum": 23.0, "femalePmiss": 0.0, "race_3Pmiss": 2.5641025641, "age4catPmiss": 0.0, "cdc_underlying2Pmiss": 38.461538462, "cdc_underlying2Percent": 95.833333333, "county": 13.0, "state": 13.0, "countyname": "BARROW"}, "13015": {"outcome": "COVID Death", "NObs": 72.0, "FEMALE_N": 72.0, "FEMALE_NMiss": 0.0, "FEMALE_Mean": 0.4166666667, "FEMALE_Sum": 30.0, "Race_3_N": 72.0, "Race_3_NMiss": 0.0, "Race_3_Mean": 1.1944444444, "Race_3_Sum": 86.0, "age4cat_N": 72.0, "age4cat_NMiss": 0.0, "age4cat_Mean": 3.9027777778, "age4cat_Sum": 281.0, "cdc_underlying2_N": 57.0, "cdc_underlying2_NMiss": 15.0, "cdc_underlying2_Mean": 0.8596491228, "cdc_underlying2_Sum": 49.0, "femalePmiss": 0.0, "race_3Pmiss": 0.0, "age4catPmiss": 0.0, "cdc_underlying2Pmiss": 20.833333333, "cdc_underlying2Percent": 85.964912281, "county": 15.0, "state": 13.0, "countyname": "BARTOW"}, "13017": {"outcome": "COVID Death", "NObs": 15.0, "FEMALE_N": 15.0, "FEMALE_NMiss": 0.0, "FEMALE_Mean": 0.2666666667, "FEMALE_Sum": 4.0, "Race_3_N": 15.0, "Race_3_NMiss": 0.0, "Race_3_Mean": 1.3333333333, "Race_3_Sum": 20.0, "age4cat_N": 15.0, "age4cat_NMiss": 0.0, "age4cat_Mean": 3.7333333333, "age4cat_Sum": 56.0, "cdc_underlying2_N": 2.0, "cdc_underlying2_NMiss": 13.0, "cdc_underlying2_Mean": 1.0, "cdc_underlying2_Sum": 2.0, "femalePmiss": 0.0, "race_3Pmiss": 0.0, "age4catPmiss": 0.0, "cdc_underlying2Pmiss": 86.666666667, "cdc_underlying2Percent": 100.0, "county": 17.0, "state": 13.0, "countyname": "BEN HILL"}, "13019": {"outcome": "COVID Death", "NObs": 6.0, "FEMALE_N": 6.0, "FEMALE_NMiss": 0.0, "FEMALE_Mean": 0.6666666667, "FEMALE_Sum": 4.0, "Race_3_N": 6.0, "Race_3_NMiss": 0.0, "Race_3_Mean": 1.0, "Race_3_Sum": 6.0, "age4cat_N": 6.0, "age4cat_NMiss": 0.0, "age4cat_Mean": 4.0, "age4cat_Sum": 24.0, "cdc_underlying2_N": 1.0, "cdc_underlying2_NMiss": 5.0, "cdc_underlying2_Mean": 1.0, "cdc_underlying2_Sum": 1.0, "femalePmiss": 0.0, "race_3Pmiss": 0.0, "age4catPmiss": 0.0, "cdc_underlying2Pmiss": 83.333333333, "cdc_underlying2Percent": 100.0, "county": 19.0, "state": 13.0, "countyname": "BERRIEN"}, "13021": {"outcome": "COVID Death", "NObs": 127.0, "FEMALE_N": 127.0, "FEMALE_NMiss": 0.0, "FEMALE_Mean": 0.5511811024, "FEMALE_Sum": 70.0, "Race_3_N": 126.0, "Race_3_NMiss": 1.0, "Race_3_Mean": 1.6825396825, "Race_3_Sum": 212.0, "age4cat_N": 127.0, "age4cat_NMiss": 0.0, "age4cat_Mean": 3.7244094488, "age4cat_Sum": 473.0, "cdc_underlying2_N": 80.0, "cdc_underlying2_NMiss": 47.0, "cdc_underlying2_Mean": 0.9375, "cdc_underlying2_Sum": 75.0, "femalePmiss": 0.0, "race_3Pmiss": 0.7874015748, "age4catPmiss": 0.0, "cdc_underlying2Pmiss": 37.007874016, "cdc_underlying2Percent": 93.75, "county": 21.0, "state": 13.0, "countyname": "BIBB"}, "13023": {"outcome": "COVID Death", "NObs": 17.0, "FEMALE_N": 17.0, "FEMALE_NMiss": 0.0, "FEMALE_Mean": 0.6470588235, "FEMALE_Sum": 11.0, "Race_3_N": 17.0, "Race_3_NMiss": 0.0, "Race_3_Mean": 1.3529411765, "Race_3_Sum": 23.0, "age4cat_N": 17.0, "age4cat_NMiss": 0.0, "age4cat_Mean": 3.7058823529, "age4cat_Sum": 63.0, "cdc_underlying2_N": 8.0, "cdc_underlying2_NMiss": 9.0, "cdc_underlying2_Mean": 1.0, "cdc_underlying2_Sum": 8.0, "femalePmiss": 0.0, "race_3Pmiss": 0.0, "age4catPmiss": 0.0, "cdc_underlying2Pmiss": 52.941176471, "cdc_underlying2Percent": 100.0, "county": 23.0, "state": 13.0, "countyname": "BLECKLEY"}, "13025": {"outcome": "COVID Death", "NObs": 8.0, "FEMALE_N": 8.0, "FEMALE_NMiss": 0.0, "FEMALE_Mean": 0.5, "FEMALE_Sum": 4.0, "Race_3_N": 7.0, "Race_3_NMiss": 1.0, "Race_3_Mean": 1.0, "Race_3_Sum": 7.0, "age4cat_N": 8.0, "age4cat_NMiss": 0.0, "age4cat_Mean": 3.875, "age4cat_Sum": 31.0, "cdc_underlying2_N": 3.0, "cdc_underlying2_NMiss": 5.0, "cdc_underlying2_Mean": 1.0, "cdc_underlying2_Sum": 3.0, "femalePmiss": 0.0, "race_3Pmiss": 12.5, "age4catPmiss": 0.0, "cdc_underlying2Pmiss": 62.5, "cdc_underlying2Percent": 100.0, "county": 25.0, "state": 13.0, "countyname": "BRANTLEY"}, "13027": {"outcome": "COVID Death", "NObs": 22.0, "FEMALE_N": 22.0, "FEMALE_NMiss": 0.0, "FEMALE_Mean": 0.2272727273, "FEMALE_Sum": 5.0, "Race_3_N": 22.0, "Race_3_NMiss": 0.0, "Race_3_Mean": 1.4545454545, "Race_3_Sum": 32.0, "age4cat_N": 22.0, "age4cat_NMiss": 0.0, "age4cat_Mean": 3.8181818182, "age4cat_Sum": 84.0, "cdc_underlying2_N": 7.0, "cdc_underlying2_NMiss": 15.0, "cdc_underlying2_Mean": 1.0, "cdc_underlying2_Sum": 7.0, "femalePmiss": 0.0, "race_3Pmiss": 0.0, "age4catPmiss": 0.0, "cdc_underlying2Pmiss": 68.181818182, "cdc_underlying2Percent": 100.0, "county": 27.0, "state": 13.0, "countyname": "BROOKS"}, "13029": {"outcome": "COVID Death", "NObs": 9.0, "FEMALE_N": 9.0, "FEMALE_NMiss": 0.0, "FEMALE_Mean": 0.5555555556, "FEMALE_Sum": 5.0, "Race_3_N": 9.0, "Race_3_NMiss": 0.0, "Race_3_Mean": 1.2222222222, "Race_3_Sum": 11.0, "age4cat_N": 9.0, "age4cat_NMiss": 0.0, "age4cat_Mean": 3.3333333333, "age4cat_Sum": 30.0, "cdc_underlying2_N": 7.0, "cdc_underlying2_NMiss": 2.0, "cdc_underlying2_Mean": 1.0, "cdc_underlying2_Sum": 7.0, "femalePmiss": 0.0, "race_3Pmiss": 0.0, "age4catPmiss": 0.0, "cdc_underlying2Pmiss": 22.222222222, "cdc_underlying2Percent": 100.0, "county": 29.0, "state": 13.0, "countyname": "BRYAN"}, "13031": {"outcome": "COVID Death", "NObs": 21.0, "FEMALE_N": 21.0, "FEMALE_NMiss": 0.0, "FEMALE_Mean": 0.619047619, "FEMALE_Sum": 13.0, "Race_3_N": 21.0, "Race_3_NMiss": 0.0, "Race_3_Mean": 1.5238095238, "Race_3_Sum": 32.0, "age4cat_N": 21.0, "age4cat_NMiss": 0.0, "age4cat_Mean": 3.5714285714, "age4cat_Sum": 75.0, "cdc_underlying2_N": 13.0, "cdc_underlying2_NMiss": 8.0, "cdc_underlying2_Mean": 0.9230769231, "cdc_underlying2_Sum": 12.0, "femalePmiss": 0.0, "race_3Pmiss": 0.0, "age4catPmiss": 0.0, "cdc_underlying2Pmiss": 38.095238095, "cdc_underlying2Percent": 92.307692308, "county": 31.0, "state": 13.0, "countyname": "BULLOCH"}, "13033": {"outcome": "COVID Death", "NObs": 8.0, "FEMALE_N": 8.0, "FEMALE_NMiss": 0.0, "FEMALE_Mean": 0.625, "FEMALE_Sum": 5.0, "Race_3_N": 8.0, "Race_3_NMiss": 0.0, "Race_3_Mean": 1.625, "Race_3_Sum": 13.0, "age4cat_N": 8.0, "age4cat_NMiss": 0.0, "age4cat_Mean": 3.75, "age4cat_Sum": 30.0, "cdc_underlying2_N": 4.0, "cdc_underlying2_NMiss": 4.0, "cdc_underlying2_Mean": 1.0, "cdc_underlying2_Sum": 4.0, "femalePmiss": 0.0, "race_3Pmiss": 0.0, "age4catPmiss": 0.0, "cdc_underlying2Pmiss": 50.0, "cdc_underlying2Percent": 100.0, "county": 33.0, "state": 13.0, "countyname": "BURKE"}, "13035": {"outcome": "COVID Death", "NObs": 40.0, "FEMALE_N": 40.0, "FEMALE_NMiss": 0.0, "FEMALE_Mean": 0.5, "FEMALE_Sum": 20.0, "Race_3_N": 40.0, "Race_3_NMiss": 0.0, "Race_3_Mean": 1.35, "Race_3_Sum": 54.0, "age4cat_N": 40.0, "age4cat_NMiss": 0.0, "age4cat_Mean": 3.825, "age4cat_Sum": 153.0, "cdc_underlying2_N": 6.0, "cdc_underlying2_NMiss": 34.0, "cdc_underlying2_Mean": 0.8333333333, "cdc_underlying2_Sum": 5.0, "femalePmiss": 0.0, "race_3Pmiss": 0.0, "age4catPmiss": 0.0, "cdc_underlying2Pmiss": 85.0, "cdc_underlying2Percent": 83.333333333, "county": 35.0, "state": 13.0, "countyname": "BUTTS"}, "13037": {"outcome": "COVID Death", "NObs": 7.0, "FEMALE_N": 7.0, "FEMALE_NMiss": 0.0, "FEMALE_Mean": 0.8571428571, "FEMALE_Sum": 6.0, "Race_3_N": 7.0, "Race_3_NMiss": 0.0, "Race_3_Mean": 1.7142857143, "Race_3_Sum": 12.0, "age4cat_N": 7.0, "age4cat_NMiss": 0.0, "age4cat_Mean": 2.8571428571, "age4cat_Sum": 20.0, "cdc_underlying2_N": 5.0, "cdc_underlying2_NMiss": 2.0, "cdc_underlying2_Mean": 1.0, "cdc_underlying2_Sum": 5.0, "femalePmiss": 0.0, "race_3Pmiss": 0.0, "age4catPmiss": 0.0, "cdc_underlying2Pmiss": 28.571428571, "cdc_underlying2Percent": 100.0, "county": 37.0, "state": 13.0, "countyname": "CALHOUN"}, "13039": {"outcome": "COVID Death", "NObs": 7.0, "FEMALE_N": 7.0, "FEMALE_NMiss": 0.0, "FEMALE_Mean": 0.1428571429, "FEMALE_Sum": 1.0, "Race_3_N": 7.0, "Race_3_NMiss": 0.0, "Race_3_Mean": 1.2857142857, "Race_3_Sum": 9.0, "age4cat_N": 7.0, "age4cat_NMiss": 0.0, "age4cat_Mean": 3.7142857143, "age4cat_Sum": 26.0, "cdc_underlying2_N": 3.0, "cdc_underlying2_NMiss": 4.0, "cdc_underlying2_Mean": 0.6666666667, "cdc_underlying2_Sum": 2.0, "femalePmiss": 0.0, "race_3Pmiss": 0.0, "age4catPmiss": 0.0, "cdc_underlying2Pmiss": 57.142857143, "cdc_underlying2Percent": 66.666666667, "county": 39.0, "state": 13.0, "countyname": "CAMDEN"}, "13043": {"outcome": "COVID Death", "NObs": 14.0, "FEMALE_N": 14.0, "FEMALE_NMiss": 0.0, "FEMALE_Mean": 0.4285714286, "FEMALE_Sum": 6.0, "Race_3_N": 13.0, "Race_3_NMiss": 1.0, "Race_3_Mean": 1.4615384615, "Race_3_Sum": 19.0, "age4cat_N": 14.0, "age4cat_NMiss": 0.0, "age4cat_Mean": 3.5714285714, "age4cat_Sum": 50.0, "cdc_underlying2_N": 7.0, "cdc_underlying2_NMiss": 7.0, "cdc_underlying2_Mean": 1.0, "cdc_underlying2_Sum": 7.0, "femalePmiss": 0.0, "race_3Pmiss": 7.1428571429, "age4catPmiss": 0.0, "cdc_underlying2Pmiss": 50.0, "cdc_underlying2Percent": 100.0, "county": 43.0, "state": 13.0, "countyname": "CANDLER"}, "13045": {"outcome": "COVID Death", "NObs": 62.0, "FEMALE_N": 62.0, "FEMALE_NMiss": 0.0, "FEMALE_Mean": 0.4677419355, "FEMALE_Sum": 29.0, "Race_3_N": 60.0, "Race_3_NMiss": 2.0, "Race_3_Mean": 1.3666666667, "Race_3_Sum": 82.0, "age4cat_N": 62.0, "age4cat_NMiss": 0.0, "age4cat_Mean": 3.6774193548, "age4cat_Sum": 228.0, "cdc_underlying2_N": 28.0, "cdc_underlying2_NMiss": 34.0, "cdc_underlying2_Mean": 0.8928571429, "cdc_underlying2_Sum": 25.0, "femalePmiss": 0.0, "race_3Pmiss": 3.2258064516, "age4catPmiss": 0.0, "cdc_underlying2Pmiss": 54.838709677, "cdc_underlying2Percent": 89.285714286, "county": 45.0, "state": 13.0, "countyname": "CARROLL"}, "13047": {"outcome": "COVID Death", "NObs": 17.0, "FEMALE_N": 17.0, "FEMALE_NMiss": 0.0, "FEMALE_Mean": 0.6470588235, "FEMALE_Sum": 11.0, "Race_3_N": 17.0, "Race_3_NMiss": 0.0, "Race_3_Mean": 1.1764705882, "Race_3_Sum": 20.0, "age4cat_N": 17.0, "age4cat_NMiss": 0.0, "age4cat_Mean": 3.5294117647, "age4cat_Sum": 60.0, "cdc_underlying2_N": 15.0, "cdc_underlying2_NMiss": 2.0, "cdc_underlying2_Mean": 0.8, "cdc_underlying2_Sum": 12.0, "femalePmiss": 0.0, "race_3Pmiss": 0.0, "age4catPmiss": 0.0, "cdc_underlying2Pmiss": 11.764705882, "cdc_underlying2Percent": 80.0, "county": 47.0, "state": 13.0, "countyname": "CATOOSA"}, "13049": {"outcome": "COVID Death", "NObs": 6.0, "FEMALE_N": 6.0, "FEMALE_NMiss": 0.0, "FEMALE_Mean": 0.3333333333, "FEMALE_Sum": 2.0, "Race_3_N": 5.0, "Race_3_NMiss": 1.0, "Race_3_Mean": 1.6, "Race_3_Sum": 8.0, "age4cat_N": 6.0, "age4cat_NMiss": 0.0, "age4cat_Mean": 3.6666666667, "age4cat_Sum": 22.0, "cdc_underlying2_N": 4.0, "cdc_underlying2_NMiss": 2.0, "cdc_underlying2_Mean": 1.0, "cdc_underlying2_Sum": 4.0, "femalePmiss": 0.0, "race_3Pmiss": 16.666666667, "age4catPmiss": 0.0, "cdc_underlying2Pmiss": 33.333333333, "cdc_underlying2Percent": 100.0, "county": 49.0, "state": 13.0, "countyname": "CHARLTON"}, "13051": {"outcome": "COVID Death", "NObs": 124.0, "FEMALE_N": 124.0, "FEMALE_NMiss": 0.0, "FEMALE_Mean": 0.4516129032, "FEMALE_Sum": 56.0, "Race_3_N": 123.0, "Race_3_NMiss": 1.0, "Race_3_Mean": 1.6504065041, "Race_3_Sum": 203.0, "age4cat_N": 124.0, "age4cat_NMiss": 0.0, "age4cat_Mean": 3.6532258065, "age4cat_Sum": 453.0, "cdc_underlying2_N": 92.0, "cdc_underlying2_NMiss": 32.0, "cdc_underlying2_Mean": 0.7826086957, "cdc_underlying2_Sum": 72.0, "femalePmiss": 0.0, "race_3Pmiss": 0.8064516129, "age4catPmiss": 0.0, "cdc_underlying2Pmiss": 25.806451613, "cdc_underlying2Percent": 78.260869565, "county": 51.0, "state": 13.0, "countyname": "CHATHAM"}, "13053": {"outcome": "COVID Death", "NObs": 2.0, "FEMALE_N": 2.0, "FEMALE_NMiss": 0.0, "FEMALE_Mean": 0.5, "FEMALE_Sum": 1.0, "Race_3_N": 1.0, "Race_3_NMiss": 1.0, "Race_3_Mean": 1.0, "Race_3_Sum": 1.0, "age4cat_N": 2.0, "age4cat_NMiss": 0.0, "age4cat_Mean": 3.0, "age4cat_Sum": 6.0, "cdc_underlying2_N": 1.0, "cdc_underlying2_NMiss": 1.0, "cdc_underlying2_Mean": 1.0, "cdc_underlying2_Sum": 1.0, "femalePmiss": 0.0, "race_3Pmiss": 50.0, "age4catPmiss": 0.0, "cdc_underlying2Pmiss": 50.0, "cdc_underlying2Percent": 100.0, "county": 53.0, "state": 13.0, "countyname": "CHATTAHOOCHEE"}, "13055": {"outcome": "COVID Death", "NObs": 6.0, "FEMALE_N": 6.0, "FEMALE_NMiss": 0.0, "FEMALE_Mean": 0.1666666667, "FEMALE_Sum": 1.0, "Race_3_N": 6.0, "Race_3_NMiss": 0.0, "Race_3_Mean": 1.0, "Race_3_Sum": 6.0, "age4cat_N": 6.0, "age4cat_NMiss": 0.0, "age4cat_Mean": 3.8333333333, "age4cat_Sum": 23.0, "cdc_underlying2_N": 5.0, "cdc_underlying2_NMiss": 1.0, "cdc_underlying2_Mean": 1.0, "cdc_underlying2_Sum": 5.0, "femalePmiss": 0.0, "race_3Pmiss": 0.0, "age4catPmiss": 0.0, "cdc_underlying2Pmiss": 16.666666667, "cdc_underlying2Percent": 100.0, "county": 55.0, "state": 13.0, "countyname": "CHATTOOGA"}, "13057": {"outcome": "COVID Death", "NObs": 79.0, "FEMALE_N": 79.0, "FEMALE_NMiss": 0.0, "FEMALE_Mean": 0.5063291139, "FEMALE_Sum": 40.0, "Race_3_N": 79.0, "Race_3_NMiss": 0.0, "Race_3_Mean": 1.253164557, "Race_3_Sum": 99.0, "age4cat_N": 79.0, "age4cat_NMiss": 0.0, "age4cat_Mean": 3.8481012658, "age4cat_Sum": 304.0, "cdc_underlying2_N": 68.0, "cdc_underlying2_NMiss": 11.0, "cdc_underlying2_Mean": 0.9117647059, "cdc_underlying2_Sum": 62.0, "femalePmiss": 0.0, "race_3Pmiss": 0.0, "age4catPmiss": 0.0, "cdc_underlying2Pmiss": 13.924050633, "cdc_underlying2Percent": 91.176470588, "county": 57.0, "state": 13.0, "countyname": "CHEROKEE"}, "13059": {"outcome": "COVID Death", "NObs": 30.0, "FEMALE_N": 30.0, "FEMALE_NMiss": 0.0, "FEMALE_Mean": 0.4666666667, "FEMALE_Sum": 14.0, "Race_3_N": 29.0, "Race_3_NMiss": 1.0, "Race_3_Mean": 1.6896551724, "Race_3_Sum": 49.0, "age4cat_N": 30.0, "age4cat_NMiss": 0.0, "age4cat_Mean": 3.8, "age4cat_Sum": 114.0, "cdc_underlying2_N": 16.0, "cdc_underlying2_NMiss": 14.0, "cdc_underlying2_Mean": 0.75, "cdc_underlying2_Sum": 12.0, "femalePmiss": 0.0, "race_3Pmiss": 3.3333333333, "age4catPmiss": 0.0, "cdc_underlying2Pmiss": 46.666666667, "cdc_underlying2Percent": 75.0, "county": 59.0, "state": 13.0, "countyname": "CLARKE"}, "13061": {"outcome": "COVID Death", "NObs": 2.0, "FEMALE_N": 2.0, "FEMALE_NMiss": 0.0, "FEMALE_Mean": 0.0, "FEMALE_Sum": 0.0, "Race_3_N": 2.0, "Race_3_NMiss": 0.0, "Race_3_Mean": 2.0, "Race_3_Sum": 4.0, "age4cat_N": 2.0, "age4cat_NMiss": 0.0, "age4cat_Mean": 3.5, "age4cat_Sum": 7.0, "cdc_underlying2_N": 2.0, "cdc_underlying2_NMiss": 0.0, "cdc_underlying2_Mean": 1.0, "cdc_underlying2_Sum": 2.0, "femalePmiss": 0.0, "race_3Pmiss": 0.0, "age4catPmiss": 0.0, "cdc_underlying2Pmiss": 0.0, "cdc_underlying2Percent": 100.0, "county": 61.0, "state": 13.0, "countyname": "CLAY"}, "13063": {"outcome": "COVID Death", "NObs": 142.0, "FEMALE_N": 142.0, "FEMALE_NMiss": 0.0, "FEMALE_Mean": 0.514084507, "FEMALE_Sum": 73.0, "Race_3_N": 140.0, "Race_3_NMiss": 2.0, "Race_3_Mean": 2.0571428571, "Race_3_Sum": 288.0, "age4cat_N": 142.0, "age4cat_NMiss": 0.0, "age4cat_Mean": 3.5563380282, "age4cat_Sum": 505.0, "cdc_underlying2_N": 53.0, "cdc_underlying2_NMiss": 89.0, "cdc_underlying2_Mean": 0.8301886792, "cdc_underlying2_Sum": 44.0, "femalePmiss": 0.0, "race_3Pmiss": 1.4084507042, "age4catPmiss": 0.0, "cdc_underlying2Pmiss": 62.676056338, "cdc_underlying2Percent": 83.018867925, "county": 63.0, "state": 13.0, "countyname": "CLAYTON"}, "13065": {"outcome": "COVID Death", "NObs": 4.0, "FEMALE_N": 4.0, "FEMALE_NMiss": 0.0, "FEMALE_Mean": 0.0, "FEMALE_Sum": 0.0, "Race_3_N": 4.0, "Race_3_NMiss": 0.0, "Race_3_Mean": 1.25, "Race_3_Sum": 5.0, "age4cat_N": 4.0, "age4cat_NMiss": 0.0, "age4cat_Mean": 3.75, "age4cat_Sum": 15.0, "cdc_underlying2_N": 1.0, "cdc_underlying2_NMiss": 3.0, "cdc_underlying2_Mean": 1.0, "cdc_underlying2_Sum": 1.0, "femalePmiss": 0.0, "race_3Pmiss": 0.0, "age4catPmiss": 0.0, "cdc_underlying2Pmiss": 75.0, "cdc_underlying2Percent": 100.0, "county": 65.0, "state": 13.0, "countyname": "CLINCH"}, "13067": {"outcome": "COVID Death", "NObs": 395.0, "FEMALE_N": 395.0, "FEMALE_NMiss": 0.0, "FEMALE_Mean": 0.4936708861, "FEMALE_Sum": 195.0, "Race_3_N": 386.0, "Race_3_NMiss": 9.0, "Race_3_Mean": 1.6994818653, "Race_3_Sum": 656.0, "age4cat_N": 395.0, "age4cat_NMiss": 0.0, "age4cat_Mean": 3.7594936709, "age4cat_Sum": 1485.0, "cdc_underlying2_N": 331.0, "cdc_underlying2_NMiss": 64.0, "cdc_underlying2_Mean": 0.918429003, "cdc_underlying2_Sum": 304.0, "femalePmiss": 0.0, "race_3Pmiss": 2.2784810127, "age4catPmiss": 0.0, "cdc_underlying2Pmiss": 16.202531646, "cdc_underlying2Percent": 91.842900302, "county": 67.0, "state": 13.0, "countyname": "COBB"}, "13069": {"outcome": "COVID Death", "NObs": 37.0, "FEMALE_N": 37.0, "FEMALE_NMiss": 0.0, "FEMALE_Mean": 0.4594594595, "FEMALE_Sum": 17.0, "Race_3_N": 35.0, "Race_3_NMiss": 2.0, "Race_3_Mean": 1.6, "Race_3_Sum": 56.0, "age4cat_N": 37.0, "age4cat_NMiss": 0.0, "age4cat_Mean": 3.7567567568, "age4cat_Sum": 139.0, "cdc_underlying2_N": 25.0, "cdc_underlying2_NMiss": 12.0, "cdc_underlying2_Mean": 1.0, "cdc_underlying2_Sum": 25.0, "femalePmiss": 0.0, "race_3Pmiss": 5.4054054054, "age4catPmiss": 0.0, "cdc_underlying2Pmiss": 32.432432432, "cdc_underlying2Percent": 100.0, "county": 69.0, "state": 13.0, "countyname": "COFFEE"}, "13071": {"outcome": "COVID Death", "NObs": 26.0, "FEMALE_N": 26.0, "FEMALE_NMiss": 0.0, "FEMALE_Mean": 0.4615384615, "FEMALE_Sum": 12.0, "Race_3_N": 26.0, "Race_3_NMiss": 0.0, "Race_3_Mean": 1.9230769231, "Race_3_Sum": 50.0, "age4cat_N": 26.0, "age4cat_NMiss": 0.0, "age4cat_Mean": 3.5, "age4cat_Sum": 91.0, "cdc_underlying2_N": 11.0, "cdc_underlying2_NMiss": 15.0, "cdc_underlying2_Mean": 0.8181818182, "cdc_underlying2_Sum": 9.0, "femalePmiss": 0.0, "race_3Pmiss": 0.0, "age4catPmiss": 0.0, "cdc_underlying2Pmiss": 57.692307692, "cdc_underlying2Percent": 81.818181818, "county": 71.0, "state": 13.0, "countyname": "COLQUITT"}, "13073": {"outcome": "COVID Death", "NObs": 45.0, "FEMALE_N": 45.0, "FEMALE_NMiss": 0.0, "FEMALE_Mean": 0.4888888889, "FEMALE_Sum": 22.0, "Race_3_N": 44.0, "Race_3_NMiss": 1.0, "Race_3_Mean": 1.6136363636, "Race_3_Sum": 71.0, "age4cat_N": 45.0, "age4cat_NMiss": 0.0, "age4cat_Mean": 3.6444444444, "age4cat_Sum": 164.0, "cdc_underlying2_N": 13.0, "cdc_underlying2_NMiss": 32.0, "cdc_underlying2_Mean": 0.8461538462, "cdc_underlying2_Sum": 11.0, "femalePmiss": 0.0, "race_3Pmiss": 2.2222222222, "age4catPmiss": 0.0, "cdc_underlying2Pmiss": 71.111111111, "cdc_underlying2Percent": 84.615384615, "county": 73.0, "state": 13.0, "countyname": "COLUMBIA"}, "13075": {"outcome": "COVID Death", "NObs": 11.0, "FEMALE_N": 11.0, "FEMALE_NMiss": 0.0, "FEMALE_Mean": 0.3636363636, "FEMALE_Sum": 4.0, "Race_3_N": 11.0, "Race_3_NMiss": 0.0, "Race_3_Mean": 1.2727272727, "Race_3_Sum": 14.0, "age4cat_N": 11.0, "age4cat_NMiss": 0.0, "age4cat_Mean": 3.8181818182, "age4cat_Sum": 42.0, "cdc_underlying2_N": 5.0, "cdc_underlying2_NMiss": 6.0, "cdc_underlying2_Mean": 1.0, "cdc_underlying2_Sum": 5.0, "femalePmiss": 0.0, "race_3Pmiss": 0.0, "age4catPmiss": 0.0, "cdc_underlying2Pmiss": 54.545454545, "cdc_underlying2Percent": 100.0, "county": 75.0, "state": 13.0, "countyname": "COOK"}, "13077": {"outcome": "COVID Death", "NObs": 26.0, "FEMALE_N": 26.0, "FEMALE_NMiss": 0.0, "FEMALE_Mean": 0.5384615385, "FEMALE_Sum": 14.0, "Race_3_N": 26.0, "Race_3_NMiss": 0.0, "Race_3_Mean": 1.6538461538, "Race_3_Sum": 43.0, "age4cat_N": 26.0, "age4cat_NMiss": 0.0, "age4cat_Mean": 3.6538461538, "age4cat_Sum": 95.0, "cdc_underlying2_N": 3.0, "cdc_underlying2_NMiss": 23.0, "cdc_underlying2_Mean": 0.6666666667, "cdc_underlying2_Sum": 2.0, "femalePmiss": 0.0, "race_3Pmiss": 0.0, "age4catPmiss": 0.0, "cdc_underlying2Pmiss": 88.461538462, "cdc_underlying2Percent": 66.666666667, "county": 77.0, "state": 13.0, "countyname": "COWETA"}, "13079": {"outcome": "COVID Death", "NObs": 3.0, "FEMALE_N": 3.0, "FEMALE_NMiss": 0.0, "FEMALE_Mean": 0.3333333333, "FEMALE_Sum": 1.0, "Race_3_N": 3.0, "Race_3_NMiss": 0.0, "Race_3_Mean": 1.3333333333, "Race_3_Sum": 4.0, "age4cat_N": 3.0, "age4cat_NMiss": 0.0, "age4cat_Mean": 3.3333333333, "age4cat_Sum": 10.0, "cdc_underlying2_N": 1.0, "cdc_underlying2_NMiss": 2.0, "cdc_underlying2_Mean": 1.0, "cdc_underlying2_Sum": 1.0, "femalePmiss": 0.0, "race_3Pmiss": 0.0, "age4catPmiss": 0.0, "cdc_underlying2Pmiss": 66.666666667, "cdc_underlying2Percent": 100.0, "county": 79.0, "state": 13.0, "countyname": "CRAWFORD"}, "13081": {"outcome": "COVID Death", "NObs": 15.0, "FEMALE_N": 15.0, "FEMALE_NMiss": 0.0, "FEMALE_Mean": 0.2666666667, "FEMALE_Sum": 4.0, "Race_3_N": 15.0, "Race_3_NMiss": 0.0, "Race_3_Mean": 1.6666666667, "Race_3_Sum": 25.0, "age4cat_N": 15.0, "age4cat_NMiss": 0.0, "age4cat_Mean": 3.8, "age4cat_Sum": 57.0, "cdc_underlying2_N": 7.0, "cdc_underlying2_NMiss": 8.0, "cdc_underlying2_Mean": 1.0, "cdc_underlying2_Sum": 7.0, "femalePmiss": 0.0, "race_3Pmiss": 0.0, "age4catPmiss": 0.0, "cdc_underlying2Pmiss": 53.333333333, "cdc_underlying2Percent": 100.0, "county": 81.0, "state": 13.0, "countyname": "CRISP"}, "13083": {"outcome": "COVID Death", "NObs": 3.0, "FEMALE_N": 3.0, "FEMALE_NMiss": 0.0, "FEMALE_Mean": 1.0, "FEMALE_Sum": 3.0, "Race_3_N": 2.0, "Race_3_NMiss": 1.0, "Race_3_Mean": 1.0, "Race_3_Sum": 2.0, "age4cat_N": 3.0, "age4cat_NMiss": 0.0, "age4cat_Mean": 3.6666666667, "age4cat_Sum": 11.0, "cdc_underlying2_N": 2.0, "cdc_underlying2_NMiss": 1.0, "cdc_underlying2_Mean": 1.0, "cdc_underlying2_Sum": 2.0, "femalePmiss": 0.0, "race_3Pmiss": 33.333333333, "age4catPmiss": 0.0, "cdc_underlying2Pmiss": 33.333333333, "cdc_underlying2Percent": 100.0, "county": 83.0, "state": 13.0, "countyname": "DADE"}, "13085": {"outcome": "COVID Death", "NObs": 7.0, "FEMALE_N": 7.0, "FEMALE_NMiss": 0.0, "FEMALE_Mean": 0.2857142857, "FEMALE_Sum": 2.0, "Race_3_N": 7.0, "Race_3_NMiss": 0.0, "Race_3_Mean": 1.2857142857, "Race_3_Sum": 9.0, "age4cat_N": 7.0, "age4cat_NMiss": 0.0, "age4cat_Mean": 3.7142857143, "age4cat_Sum": 26.0, "cdc_underlying2_N": 5.0, "cdc_underlying2_NMiss": 2.0, "cdc_underlying2_Mean": 1.0, "cdc_underlying2_Sum": 5.0, "femalePmiss": 0.0, "race_3Pmiss": 0.0, "age4catPmiss": 0.0, "cdc_underlying2Pmiss": 28.571428571, "cdc_underlying2Percent": 100.0, "county": 85.0, "state": 13.0, "countyname": "DAWSON"}, "13087": {"outcome": "COVID Death", "NObs": 21.0, "FEMALE_N": 21.0, "FEMALE_NMiss": 0.0, "FEMALE_Mean": 0.5238095238, "FEMALE_Sum": 11.0, "Race_3_N": 20.0, "Race_3_NMiss": 1.0, "Race_3_Mean": 1.8, "Race_3_Sum": 36.0, "age4cat_N": 21.0, "age4cat_NMiss": 0.0, "age4cat_Mean": 3.5238095238, "age4cat_Sum": 74.0, "cdc_underlying2_N": 12.0, "cdc_underlying2_NMiss": 9.0, "cdc_underlying2_Mean": 0.8333333333, "cdc_underlying2_Sum": 10.0, "femalePmiss": 0.0, "race_3Pmiss": 4.7619047619, "age4catPmiss": 0.0, "cdc_underlying2Pmiss": 42.857142857, "cdc_underlying2Percent": 83.333333333, "county": 87.0, "state": 13.0, "countyname": "DECATUR"}, "13089": {"outcome": "COVID Death", "NObs": 304.0, "FEMALE_N": 303.0, "FEMALE_NMiss": 1.0, "FEMALE_Mean": 0.4521452145, "FEMALE_Sum": 137.0, "Race_3_N": 300.0, "Race_3_NMiss": 4.0, "Race_3_Mean": 1.9566666667, "Race_3_Sum": 587.0, "age4cat_N": 304.0, "age4cat_NMiss": 0.0, "age4cat_Mean": 3.6809210526, "age4cat_Sum": 1119.0, "cdc_underlying2_N": 188.0, "cdc_underlying2_NMiss": 116.0, "cdc_underlying2_Mean": 0.914893617, "cdc_underlying2_Sum": 172.0, "femalePmiss": 0.3289473684, "race_3Pmiss": 1.3157894737, "age4catPmiss": 0.0, "cdc_underlying2Pmiss": 38.157894737, "cdc_underlying2Percent": 91.489361702, "county": 89.0, "state": 13.0, "countyname": "DEKALB"}, "13091": {"outcome": "COVID Death", "NObs": 7.0, "FEMALE_N": 7.0, "FEMALE_NMiss": 0.0, "FEMALE_Mean": 0.5714285714, "FEMALE_Sum": 4.0, "Race_3_N": 7.0, "Race_3_NMiss": 0.0, "Race_3_Mean": 1.4285714286, "Race_3_Sum": 10.0, "age4cat_N": 7.0, "age4cat_NMiss": 0.0, "age4cat_Mean": 3.7142857143, "age4cat_Sum": 26.0, "cdc_underlying2_N": 7.0, "cdc_underlying2_NMiss": 0.0, "cdc_underlying2_Mean": 1.0, "cdc_underlying2_Sum": 7.0, "femalePmiss": 0.0, "race_3Pmiss": 0.0, "age4catPmiss": 0.0, "cdc_underlying2Pmiss": 0.0, "cdc_underlying2Percent": 100.0, "county": 91.0, "state": 13.0, "countyname": "DODGE"}, "13093": {"outcome": "COVID Death", "NObs": 14.0, "FEMALE_N": 14.0, "FEMALE_NMiss": 0.0, "FEMALE_Mean": 0.4285714286, "FEMALE_Sum": 6.0, "Race_3_N": 14.0, "Race_3_NMiss": 0.0, "Race_3_Mean": 1.9285714286, "Race_3_Sum": 27.0, "age4cat_N": 14.0, "age4cat_NMiss": 0.0, "age4cat_Mean": 3.7857142857, "age4cat_Sum": 53.0, "cdc_underlying2_N": 10.0, "cdc_underlying2_NMiss": 4.0, "cdc_underlying2_Mean": 0.8, "cdc_underlying2_Sum": 8.0, "femalePmiss": 0.0, "race_3Pmiss": 0.0, "age4catPmiss": 0.0, "cdc_underlying2Pmiss": 28.571428571, "cdc_underlying2Percent": 80.0, "county": 93.0, "state": 13.0, "countyname": "DOOLY"}, "13095": {"outcome": "COVID Death", "NObs": 180.0, "FEMALE_N": 180.0, "FEMALE_NMiss": 0.0, "FEMALE_Mean": 0.5722222222, "FEMALE_Sum": 103.0, "Race_3_N": 177.0, "Race_3_NMiss": 3.0, "Race_3_Mean": 1.7853107345, "Race_3_Sum": 316.0, "age4cat_N": 180.0, "age4cat_NMiss": 0.0, "age4cat_Mean": 3.6777777778, "age4cat_Sum": 662.0, "cdc_underlying2_N": 106.0, "cdc_underlying2_NMiss": 74.0, "cdc_underlying2_Mean": 0.9905660377, "cdc_underlying2_Sum": 105.0, "femalePmiss": 0.0, "race_3Pmiss": 1.6666666667, "age4catPmiss": 0.0, "cdc_underlying2Pmiss": 41.111111111, "cdc_underlying2Percent": 99.056603774, "county": 95.0, "state": 13.0, "countyname": "DOUGHERTY"}, "13097": {"outcome": "COVID Death", "NObs": 67.0, "FEMALE_N": 67.0, "FEMALE_NMiss": 0.0, "FEMALE_Mean": 0.447761194, "FEMALE_Sum": 30.0, "Race_3_N": 67.0, "Race_3_NMiss": 0.0, "Race_3_Mean": 1.671641791, "Race_3_Sum": 112.0, "age4cat_N": 67.0, "age4cat_NMiss": 0.0, "age4cat_Mean": 3.6567164179, "age4cat_Sum": 245.0, "cdc_underlying2_N": 56.0, "cdc_underlying2_NMiss": 11.0, "cdc_underlying2_Mean": 0.8928571429, "cdc_underlying2_Sum": 50.0, "femalePmiss": 0.0, "race_3Pmiss": 0.0, "age4catPmiss": 0.0, "cdc_underlying2Pmiss": 16.417910448, "cdc_underlying2Percent": 89.285714286, "county": 97.0, "state": 13.0, "countyname": "DOUGLAS"}, "13099": {"outcome": "COVID Death", "NObs": 32.0, "FEMALE_N": 32.0, "FEMALE_NMiss": 0.0, "FEMALE_Mean": 0.59375, "FEMALE_Sum": 19.0, "Race_3_N": 31.0, "Race_3_NMiss": 1.0, "Race_3_Mean": 1.6129032258, "Race_3_Sum": 50.0, "age4cat_N": 32.0, "age4cat_NMiss": 0.0, "age4cat_Mean": 3.78125, "age4cat_Sum": 121.0, "cdc_underlying2_N": 5.0, "cdc_underlying2_NMiss": 27.0, "cdc_underlying2_Mean": 1.0, "cdc_underlying2_Sum": 5.0, "femalePmiss": 0.0, "race_3Pmiss": 3.125, "age4catPmiss": 0.0, "cdc_underlying2Pmiss": 84.375, "cdc_underlying2Percent": 100.0, "county": 99.0, "state": 13.0, "countyname": "EARLY"}, "13101": {"outcome": "COVID Death", "NObs": 2.0, "FEMALE_N": 2.0, "FEMALE_NMiss": 0.0, "FEMALE_Mean": 0.0, "FEMALE_Sum": 0.0, "Race_3_N": 2.0, "Race_3_NMiss": 0.0, "Race_3_Mean": 1.0, "Race_3_Sum": 2.0, "age4cat_N": 2.0, "age4cat_NMiss": 0.0, "age4cat_Mean": 4.0, "age4cat_Sum": 8.0, "cdc_underlying2_N": 1.0, "cdc_underlying2_NMiss": 1.0, "cdc_underlying2_Mean": 1.0, "cdc_underlying2_Sum": 1.0, "femalePmiss": 0.0, "race_3Pmiss": 0.0, "age4catPmiss": 0.0, "cdc_underlying2Pmiss": 50.0, "cdc_underlying2Percent": 100.0, "county": 101.0, "state": 13.0, "countyname": "ECHOLS"}, "13103": {"outcome": "COVID Death", "NObs": 17.0, "FEMALE_N": 17.0, "FEMALE_NMiss": 0.0, "FEMALE_Mean": 0.4117647059, "FEMALE_Sum": 7.0, "Race_3_N": 17.0, "Race_3_NMiss": 0.0, "Race_3_Mean": 1.4705882353, "Race_3_Sum": 25.0, "age4cat_N": 17.0, "age4cat_NMiss": 0.0, "age4cat_Mean": 3.7058823529, "age4cat_Sum": 63.0, "cdc_underlying2_N": 14.0, "cdc_underlying2_NMiss": 3.0, "cdc_underlying2_Mean": 0.7857142857, "cdc_underlying2_Sum": 11.0, "femalePmiss": 0.0, "race_3Pmiss": 0.0, "age4catPmiss": 0.0, "cdc_underlying2Pmiss": 17.647058824, "cdc_underlying2Percent": 78.571428571, "county": 103.0, "state": 13.0, "countyname": "EFFINGHAM"}, "13105": {"outcome": "COVID Death", "NObs": 1.0, "FEMALE_N": 1.0, "FEMALE_NMiss": 0.0, "FEMALE_Mean": 1.0, "FEMALE_Sum": 1.0, "Race_3_N": 1.0, "Race_3_NMiss": 0.0, "Race_3_Mean": 1.0, "Race_3_Sum": 1.0, "age4cat_N": 1.0, "age4cat_NMiss": 0.0, "age4cat_Mean": 4.0, "age4cat_Sum": 4.0, "cdc_underlying2_N": 0.0, "cdc_underlying2_NMiss": 1.0, "femalePmiss": 0.0, "race_3Pmiss": 0.0, "age4catPmiss": 0.0, "cdc_underlying2Pmiss": 100.0, "county": 105.0, "state": 13.0, "countyname": "ELBERT"}, "13107": {"outcome": "COVID Death", "NObs": 22.0, "FEMALE_N": 22.0, "FEMALE_NMiss": 0.0, "FEMALE_Mean": 0.7272727273, "FEMALE_Sum": 16.0, "Race_3_N": 19.0, "Race_3_NMiss": 3.0, "Race_3_Mean": 1.5263157895, "Race_3_Sum": 29.0, "age4cat_N": 22.0, "age4cat_NMiss": 0.0, "age4cat_Mean": 3.8181818182, "age4cat_Sum": 84.0, "cdc_underlying2_N": 15.0, "cdc_underlying2_NMiss": 7.0, "cdc_underlying2_Mean": 0.9333333333, "cdc_underlying2_Sum": 14.0, "femalePmiss": 0.0, "race_3Pmiss": 13.636363636, "age4catPmiss": 0.0, "cdc_underlying2Pmiss": 31.818181818, "cdc_underlying2Percent": 93.333333333, "county": 107.0, "state": 13.0, "countyname": "EMANUEL"}, "13109": {"outcome": "COVID Death", "NObs": 5.0, "FEMALE_N": 5.0, "FEMALE_NMiss": 0.0, "FEMALE_Mean": 0.2, "FEMALE_Sum": 1.0, "Race_3_N": 5.0, "Race_3_NMiss": 0.0, "Race_3_Mean": 1.6, "Race_3_Sum": 8.0, "age4cat_N": 5.0, "age4cat_NMiss": 0.0, "age4cat_Mean": 3.6, "age4cat_Sum": 18.0, "cdc_underlying2_N": 4.0, "cdc_underlying2_NMiss": 1.0, "cdc_underlying2_Mean": 1.0, "cdc_underlying2_Sum": 4.0, "femalePmiss": 0.0, "race_3Pmiss": 0.0, "age4catPmiss": 0.0, "cdc_underlying2Pmiss": 20.0, "cdc_underlying2Percent": 100.0, "county": 109.0, "state": 13.0, "countyname": "EVANS"}, "13111": {"outcome": "COVID Death", "NObs": 8.0, "FEMALE_N": 8.0, "FEMALE_NMiss": 0.0, "FEMALE_Mean": 0.625, "FEMALE_Sum": 5.0, "Race_3_N": 8.0, "Race_3_NMiss": 0.0, "Race_3_Mean": 1.0, "Race_3_Sum": 8.0, "age4cat_N": 8.0, "age4cat_NMiss": 0.0, "age4cat_Mean": 3.875, "age4cat_Sum": 31.0, "cdc_underlying2_N": 5.0, "cdc_underlying2_NMiss": 3.0, "cdc_underlying2_Mean": 1.0, "cdc_underlying2_Sum": 5.0, "femalePmiss": 0.0, "race_3Pmiss": 0.0, "age4catPmiss": 0.0, "cdc_underlying2Pmiss": 37.5, "cdc_underlying2Percent": 100.0, "county": 111.0, "state": 13.0, "countyname": "FANNIN"}, "13113": {"outcome": "COVID Death", "NObs": 38.0, "FEMALE_N": 38.0, "FEMALE_NMiss": 0.0, "FEMALE_Mean": 0.4473684211, "FEMALE_Sum": 17.0, "Race_3_N": 38.0, "Race_3_NMiss": 0.0, "Race_3_Mean": 1.3947368421, "Race_3_Sum": 53.0, "age4cat_N": 38.0, "age4cat_NMiss": 0.0, "age4cat_Mean": 3.9210526316, "age4cat_Sum": 149.0, "cdc_underlying2_N": 16.0, "cdc_underlying2_NMiss": 22.0, "cdc_underlying2_Mean": 0.6875, "cdc_underlying2_Sum": 11.0, "femalePmiss": 0.0, "race_3Pmiss": 0.0, "age4catPmiss": 0.0, "cdc_underlying2Pmiss": 57.894736842, "cdc_underlying2Percent": 68.75, "county": 113.0, "state": 13.0, "countyname": "FAYETTE"}, "13115": {"outcome": "COVID Death", "NObs": 32.0, "FEMALE_N": 32.0, "FEMALE_NMiss": 0.0, "FEMALE_Mean": 0.46875, "FEMALE_Sum": 15.0, "Race_3_N": 29.0, "Race_3_NMiss": 3.0, "Race_3_Mean": 1.1034482759, "Race_3_Sum": 32.0, "age4cat_N": 32.0, "age4cat_NMiss": 0.0, "age4cat_Mean": 3.75, "age4cat_Sum": 120.0, "cdc_underlying2_N": 25.0, "cdc_underlying2_NMiss": 7.0, "cdc_underlying2_Mean": 0.96, "cdc_underlying2_Sum": 24.0, "femalePmiss": 0.0, "race_3Pmiss": 9.375, "age4catPmiss": 0.0, "cdc_underlying2Pmiss": 21.875, "cdc_underlying2Percent": 96.0, "county": 115.0, "state": 13.0, "countyname": "FLOYD"}, "13117": {"outcome": "COVID Death", "NObs": 33.0, "FEMALE_N": 33.0, "FEMALE_NMiss": 0.0, "FEMALE_Mean": 0.4242424242, "FEMALE_Sum": 14.0, "Race_3_N": 33.0, "Race_3_NMiss": 0.0, "Race_3_Mean": 1.696969697, "Race_3_Sum": 56.0, "age4cat_N": 33.0, "age4cat_NMiss": 0.0, "age4cat_Mean": 3.7272727273, "age4cat_Sum": 123.0, "cdc_underlying2_N": 23.0, "cdc_underlying2_NMiss": 10.0, "cdc_underlying2_Mean": 0.9565217391, "cdc_underlying2_Sum": 22.0, "femalePmiss": 0.0, "race_3Pmiss": 0.0, "age4catPmiss": 0.0, "cdc_underlying2Pmiss": 30.303030303, "cdc_underlying2Percent": 95.652173913, "county": 117.0, "state": 13.0, "countyname": "FORSYTH"}, "13119": {"outcome": "COVID Death", "NObs": 11.0, "FEMALE_N": 11.0, "FEMALE_NMiss": 0.0, "FEMALE_Mean": 0.2727272727, "FEMALE_Sum": 3.0, "Race_3_N": 11.0, "Race_3_NMiss": 0.0, "Race_3_Mean": 1.2727272727, "Race_3_Sum": 14.0, "age4cat_N": 11.0, "age4cat_NMiss": 0.0, "age4cat_Mean": 3.9090909091, "age4cat_Sum": 43.0, "cdc_underlying2_N": 8.0, "cdc_underlying2_NMiss": 3.0, "cdc_underlying2_Mean": 1.0, "cdc_underlying2_Sum": 8.0, "femalePmiss": 0.0, "race_3Pmiss": 0.0, "age4catPmiss": 0.0, "cdc_underlying2Pmiss": 27.272727273, "cdc_underlying2Percent": 100.0, "county": 119.0, "state": 13.0, "countyname": "FRANKLIN"}, "13121": {"outcome": "COVID Death", "NObs": 525.0, "FEMALE_N": 525.0, "FEMALE_NMiss": 0.0, "FEMALE_Mean": 0.4666666667, "FEMALE_Sum": 245.0, "Race_3_N": 522.0, "Race_3_NMiss": 3.0, "Race_3_Mean": 1.8333333333, "Race_3_Sum": 957.0, "age4cat_N": 525.0, "age4cat_NMiss": 0.0, "age4cat_Mean": 3.72, "age4cat_Sum": 1953.0, "cdc_underlying2_N": 282.0, "cdc_underlying2_NMiss": 243.0, "cdc_underlying2_Mean": 0.8723404255, "cdc_underlying2_Sum": 246.0, "femalePmiss": 0.0, "race_3Pmiss": 0.5714285714, "age4catPmiss": 0.0, "cdc_underlying2Pmiss": 46.285714286, "cdc_underlying2Percent": 87.234042553, "county": 121.0, "state": 13.0, "countyname": "FULTON"}, "13123": {"outcome": "COVID Death", "NObs": 8.0, "FEMALE_N": 8.0, "FEMALE_NMiss": 0.0, "FEMALE_Mean": 0.25, "FEMALE_Sum": 2.0, "Race_3_N": 8.0, "Race_3_NMiss": 0.0, "Race_3_Mean": 1.375, "Race_3_Sum": 11.0, "age4cat_N": 8.0, "age4cat_NMiss": 0.0, "age4cat_Mean": 3.875, "age4cat_Sum": 31.0, "cdc_underlying2_N": 5.0, "cdc_underlying2_NMiss": 3.0, "cdc_underlying2_Mean": 0.8, "cdc_underlying2_Sum": 4.0, "femalePmiss": 0.0, "race_3Pmiss": 0.0, "age4catPmiss": 0.0, "cdc_underlying2Pmiss": 37.5, "cdc_underlying2Percent": 80.0, "county": 123.0, "state": 13.0, "countyname": "GILMER"}, "13125": {"outcome": "COVID Death", "NObs": 2.0, "FEMALE_N": 2.0, "FEMALE_NMiss": 0.0, "FEMALE_Mean": 0.5, "FEMALE_Sum": 1.0, "Race_3_N": 2.0, "Race_3_NMiss": 0.0, "Race_3_Mean": 1.0, "Race_3_Sum": 2.0, "age4cat_N": 2.0, "age4cat_NMiss": 0.0, "age4cat_Mean": 3.5, "age4cat_Sum": 7.0, "cdc_underlying2_N": 1.0, "cdc_underlying2_NMiss": 1.0, "cdc_underlying2_Mean": 1.0, "cdc_underlying2_Sum": 1.0, "femalePmiss": 0.0, "race_3Pmiss": 0.0, "age4catPmiss": 0.0, "cdc_underlying2Pmiss": 50.0, "cdc_underlying2Percent": 100.0, "county": 125.0, "state": 13.0, "countyname": "GLASCOCK"}, "13127": {"outcome": "COVID Death", "NObs": 71.0, "FEMALE_N": 71.0, "FEMALE_NMiss": 0.0, "FEMALE_Mean": 0.5211267606, "FEMALE_Sum": 37.0, "Race_3_N": 70.0, "Race_3_NMiss": 1.0, "Race_3_Mean": 1.4142857143, "Race_3_Sum": 99.0, "age4cat_N": 71.0, "age4cat_NMiss": 0.0, "age4cat_Mean": 3.7887323944, "age4cat_Sum": 269.0, "cdc_underlying2_N": 50.0, "cdc_underlying2_NMiss": 21.0, "cdc_underlying2_Mean": 0.86, "cdc_underlying2_Sum": 43.0, "femalePmiss": 0.0, "race_3Pmiss": 1.4084507042, "age4catPmiss": 0.0, "cdc_underlying2Pmiss": 29.577464789, "cdc_underlying2Percent": 86.0, "county": 127.0, "state": 13.0, "countyname": "GLYNN"}, "13129": {"outcome": "COVID Death", "NObs": 30.0, "FEMALE_N": 30.0, "FEMALE_NMiss": 0.0, "FEMALE_Mean": 0.5, "FEMALE_Sum": 15.0, "Race_3_N": 30.0, "Race_3_NMiss": 0.0, "Race_3_Mean": 1.1, "Race_3_Sum": 33.0, "age4cat_N": 30.0, "age4cat_NMiss": 0.0, "age4cat_Mean": 3.9, "age4cat_Sum": 117.0, "cdc_underlying2_N": 28.0, "cdc_underlying2_NMiss": 2.0, "cdc_underlying2_Mean": 0.8214285714, "cdc_underlying2_Sum": 23.0, "femalePmiss": 0.0, "race_3Pmiss": 0.0, "age4catPmiss": 0.0, "cdc_underlying2Pmiss": 6.6666666667, "cdc_underlying2Percent": 82.142857143, "county": 129.0, "state": 13.0, "countyname": "GORDON"}, "13131": {"outcome": "COVID Death", "NObs": 12.0, "FEMALE_N": 11.0, "FEMALE_NMiss": 1.0, "FEMALE_Mean": 0.5454545455, "FEMALE_Sum": 6.0, "Race_3_N": 12.0, "Race_3_NMiss": 0.0, "Race_3_Mean": 1.6666666667, "Race_3_Sum": 20.0, "age4cat_N": 12.0, "age4cat_NMiss": 0.0, "age4cat_Mean": 3.75, "age4cat_Sum": 45.0, "cdc_underlying2_N": 2.0, "cdc_underlying2_NMiss": 10.0, "cdc_underlying2_Mean": 1.0, "cdc_underlying2_Sum": 2.0, "femalePmiss": 8.3333333333, "race_3Pmiss": 0.0, "age4catPmiss": 0.0, "cdc_underlying2Pmiss": 83.333333333, "cdc_underlying2Percent": 100.0, "county": 131.0, "state": 13.0, "countyname": "GRADY"}, "13133": {"outcome": "COVID Death", "NObs": 17.0, "FEMALE_N": 17.0, "FEMALE_NMiss": 0.0, "FEMALE_Mean": 0.4705882353, "FEMALE_Sum": 8.0, "Race_3_N": 17.0, "Race_3_NMiss": 0.0, "Race_3_Mean": 1.5294117647, "Race_3_Sum": 26.0, "age4cat_N": 17.0, "age4cat_NMiss": 0.0, "age4cat_Mean": 3.5882352941, "age4cat_Sum": 61.0, "cdc_underlying2_N": 7.0, "cdc_underlying2_NMiss": 10.0, "cdc_underlying2_Mean": 1.0, "cdc_underlying2_Sum": 7.0, "femalePmiss": 0.0, "race_3Pmiss": 0.0, "age4catPmiss": 0.0, "cdc_underlying2Pmiss": 58.823529412, "cdc_underlying2Percent": 100.0, "county": 133.0, "state": 13.0, "countyname": "GREENE"}, "13135": {"outcome": "COVID Death", "NObs": 341.0, "FEMALE_N": 341.0, "FEMALE_NMiss": 0.0, "FEMALE_Mean": 0.5161290323, "FEMALE_Sum": 176.0, "Race_3_N": 336.0, "Race_3_NMiss": 5.0, "Race_3_Mean": 1.9494047619, "Race_3_Sum": 655.0, "age4cat_N": 341.0, "age4cat_NMiss": 0.0, "age4cat_Mean": 3.6568914956, "age4cat_Sum": 1247.0, "cdc_underlying2_N": 256.0, "cdc_underlying2_NMiss": 85.0, "cdc_underlying2_Mean": 0.92578125, "cdc_underlying2_Sum": 237.0, "femalePmiss": 0.0, "race_3Pmiss": 1.4662756598, "age4catPmiss": 0.0, "cdc_underlying2Pmiss": 24.926686217, "cdc_underlying2Percent": 92.578125, "county": 135.0, "state": 13.0, "countyname": "GWINNETT"}, "13137": {"outcome": "COVID Death", "NObs": 63.0, "FEMALE_N": 63.0, "FEMALE_NMiss": 0.0, "FEMALE_Mean": 0.6349206349, "FEMALE_Sum": 40.0, "Race_3_N": 63.0, "Race_3_NMiss": 0.0, "Race_3_Mean": 1.253968254, "Race_3_Sum": 79.0, "age4cat_N": 63.0, "age4cat_NMiss": 0.0, "age4cat_Mean": 3.7619047619, "age4cat_Sum": 237.0, "cdc_underlying2_N": 50.0, "cdc_underlying2_NMiss": 13.0, "cdc_underlying2_Mean": 0.92, "cdc_underlying2_Sum": 46.0, "femalePmiss": 0.0, "race_3Pmiss": 0.0, "age4catPmiss": 0.0, "cdc_underlying2Pmiss": 20.634920635, "cdc_underlying2Percent": 92.0, "county": 137.0, "state": 13.0, "countyname": "HABERSHAM"}, "13139": {"outcome": "COVID Death", "NObs": 129.0, "FEMALE_N": 129.0, "FEMALE_NMiss": 0.0, "FEMALE_Mean": 0.4496124031, "FEMALE_Sum": 58.0, "Race_3_N": 128.0, "Race_3_NMiss": 1.0, "Race_3_Mean": 1.515625, "Race_3_Sum": 194.0, "age4cat_N": 129.0, "age4cat_NMiss": 0.0, "age4cat_Mean": 3.6976744186, "age4cat_Sum": 477.0, "cdc_underlying2_N": 105.0, "cdc_underlying2_NMiss": 24.0, "cdc_underlying2_Mean": 0.8476190476, "cdc_underlying2_Sum": 89.0, "femalePmiss": 0.0, "race_3Pmiss": 0.7751937984, "age4catPmiss": 0.0, "cdc_underlying2Pmiss": 18.604651163, "cdc_underlying2Percent": 84.761904762, "county": 139.0, "state": 13.0, "countyname": "HALL"}, "13141": {"outcome": "COVID Death", "NObs": 39.0, "FEMALE_N": 39.0, "FEMALE_NMiss": 0.0, "FEMALE_Mean": 0.4358974359, "FEMALE_Sum": 17.0, "Race_3_N": 39.0, "Race_3_NMiss": 0.0, "Race_3_Mean": 1.7179487179, "Race_3_Sum": 67.0, "age4cat_N": 39.0, "age4cat_NMiss": 0.0, "age4cat_Mean": 3.7692307692, "age4cat_Sum": 147.0, "cdc_underlying2_N": 18.0, "cdc_underlying2_NMiss": 21.0, "cdc_underlying2_Mean": 1.0, "cdc_underlying2_Sum": 18.0, "femalePmiss": 0.0, "race_3Pmiss": 0.0, "age4catPmiss": 0.0, "cdc_underlying2Pmiss": 53.846153846, "cdc_underlying2Percent": 100.0, "county": 141.0, "state": 13.0, "countyname": "HANCOCK"}, "13143": {"outcome": "COVID Death", "NObs": 8.0, "FEMALE_N": 8.0, "FEMALE_NMiss": 0.0, "FEMALE_Mean": 0.375, "FEMALE_Sum": 3.0, "Race_3_N": 8.0, "Race_3_NMiss": 0.0, "Race_3_Mean": 1.0, "Race_3_Sum": 8.0, "age4cat_N": 8.0, "age4cat_NMiss": 0.0, "age4cat_Mean": 3.875, "age4cat_Sum": 31.0, "cdc_underlying2_N": 7.0, "cdc_underlying2_NMiss": 1.0, "cdc_underlying2_Mean": 1.0, "cdc_underlying2_Sum": 7.0, "femalePmiss": 0.0, "race_3Pmiss": 0.0, "age4catPmiss": 0.0, "cdc_underlying2Pmiss": 12.5, "cdc_underlying2Percent": 100.0, "county": 143.0, "state": 13.0, "countyname": "HARALSON"}, "13145": {"outcome": "COVID Death", "NObs": 21.0, "FEMALE_N": 21.0, "FEMALE_NMiss": 0.0, "FEMALE_Mean": 0.5238095238, "FEMALE_Sum": 11.0, "Race_3_N": 21.0, "Race_3_NMiss": 0.0, "Race_3_Mean": 1.4761904762, "Race_3_Sum": 31.0, "age4cat_N": 21.0, "age4cat_NMiss": 0.0, "age4cat_Mean": 3.619047619, "age4cat_Sum": 76.0, "cdc_underlying2_N": 14.0, "cdc_underlying2_NMiss": 7.0, "cdc_underlying2_Mean": 0.8571428571, "cdc_underlying2_Sum": 12.0, "femalePmiss": 0.0, "race_3Pmiss": 0.0, "age4catPmiss": 0.0, "cdc_underlying2Pmiss": 33.333333333, "cdc_underlying2Percent": 85.714285714, "county": 145.0, "state": 13.0, "countyname": "HARRIS"}, "13147": {"outcome": "COVID Death", "NObs": 11.0, "FEMALE_N": 11.0, "FEMALE_NMiss": 0.0, "FEMALE_Mean": 0.4545454545, "FEMALE_Sum": 5.0, "Race_3_N": 11.0, "Race_3_NMiss": 0.0, "Race_3_Mean": 1.1818181818, "Race_3_Sum": 13.0, "age4cat_N": 11.0, "age4cat_NMiss": 0.0, "age4cat_Mean": 3.7272727273, "age4cat_Sum": 41.0, "cdc_underlying2_N": 4.0, "cdc_underlying2_NMiss": 7.0, "cdc_underlying2_Mean": 1.0, "cdc_underlying2_Sum": 4.0, "femalePmiss": 0.0, "race_3Pmiss": 0.0, "age4catPmiss": 0.0, "cdc_underlying2Pmiss": 63.636363636, "cdc_underlying2Percent": 100.0, "county": 147.0, "state": 13.0, "countyname": "HART"}, "13149": {"outcome": "COVID Death", "NObs": 5.0, "FEMALE_N": 5.0, "FEMALE_NMiss": 0.0, "FEMALE_Mean": 1.0, "FEMALE_Sum": 5.0, "Race_3_N": 5.0, "Race_3_NMiss": 0.0, "Race_3_Mean": 1.4, "Race_3_Sum": 7.0, "age4cat_N": 5.0, "age4cat_NMiss": 0.0, "age4cat_Mean": 4.0, "age4cat_Sum": 20.0, "cdc_underlying2_N": 1.0, "cdc_underlying2_NMiss": 4.0, "cdc_underlying2_Mean": 1.0, "cdc_underlying2_Sum": 1.0, "femalePmiss": 0.0, "race_3Pmiss": 0.0, "age4catPmiss": 0.0, "cdc_underlying2Pmiss": 80.0, "cdc_underlying2Percent": 100.0, "county": 149.0, "state": 13.0, "countyname": "HEARD"}, "13151": {"outcome": "COVID Death", "NObs": 80.0, "FEMALE_N": 80.0, "FEMALE_NMiss": 0.0, "FEMALE_Mean": 0.4625, "FEMALE_Sum": 37.0, "Race_3_N": 77.0, "Race_3_NMiss": 3.0, "Race_3_Mean": 1.6883116883, "Race_3_Sum": 130.0, "age4cat_N": 80.0, "age4cat_NMiss": 0.0, "age4cat_Mean": 3.6125, "age4cat_Sum": 289.0, "cdc_underlying2_N": 29.0, "cdc_underlying2_NMiss": 51.0, "cdc_underlying2_Mean": 0.9655172414, "cdc_underlying2_Sum": 28.0, "femalePmiss": 0.0, "race_3Pmiss": 3.75, "age4catPmiss": 0.0, "cdc_underlying2Pmiss": 63.75, "cdc_underlying2Percent": 96.551724138, "county": 151.0, "state": 13.0, "countyname": "HENRY"}, "13153": {"outcome": "COVID Death", "NObs": 69.0, "FEMALE_N": 69.0, "FEMALE_NMiss": 0.0, "FEMALE_Mean": 0.4347826087, "FEMALE_Sum": 30.0, "Race_3_N": 68.0, "Race_3_NMiss": 1.0, "Race_3_Mean": 1.5, "Race_3_Sum": 102.0, "age4cat_N": 69.0, "age4cat_NMiss": 0.0, "age4cat_Mean": 3.6811594203, "age4cat_Sum": 254.0, "cdc_underlying2_N": 51.0, "cdc_underlying2_NMiss": 18.0, "cdc_underlying2_Mean": 0.9607843137, "cdc_underlying2_Sum": 49.0, "femalePmiss": 0.0, "race_3Pmiss": 1.4492753623, "age4catPmiss": 0.0, "cdc_underlying2Pmiss": 26.086956522, "cdc_underlying2Percent": 96.078431373, "county": 153.0, "state": 13.0, "countyname": "HOUSTON"}, "13155": {"outcome": "COVID Death", "NObs": 4.0, "FEMALE_N": 4.0, "FEMALE_NMiss": 0.0, "FEMALE_Mean": 1.0, "FEMALE_Sum": 4.0, "Race_3_N": 4.0, "Race_3_NMiss": 0.0, "Race_3_Mean": 1.75, "Race_3_Sum": 7.0, "age4cat_N": 4.0, "age4cat_NMiss": 0.0, "age4cat_Mean": 4.0, "age4cat_Sum": 16.0, "cdc_underlying2_N": 1.0, "cdc_underlying2_NMiss": 3.0, "cdc_underlying2_Mean": 1.0, "cdc_underlying2_Sum": 1.0, "femalePmiss": 0.0, "race_3Pmiss": 0.0, "age4catPmiss": 0.0, "cdc_underlying2Pmiss": 75.0, "cdc_underlying2Percent": 100.0, "county": 155.0, "state": 13.0, "countyname": "IRWIN"}, "13157": {"outcome": "COVID Death", "NObs": 26.0, "FEMALE_N": 26.0, "FEMALE_NMiss": 0.0, "FEMALE_Mean": 0.5769230769, "FEMALE_Sum": 15.0, "Race_3_N": 26.0, "Race_3_NMiss": 0.0, "Race_3_Mean": 1.3076923077, "Race_3_Sum": 34.0, "age4cat_N": 26.0, "age4cat_NMiss": 0.0, "age4cat_Mean": 3.7692307692, "age4cat_Sum": 98.0, "cdc_underlying2_N": 12.0, "cdc_underlying2_NMiss": 14.0, "cdc_underlying2_Mean": 1.0, "cdc_underlying2_Sum": 12.0, "femalePmiss": 0.0, "race_3Pmiss": 0.0, "age4catPmiss": 0.0, "cdc_underlying2Pmiss": 53.846153846, "cdc_underlying2Percent": 100.0, "county": 157.0, "state": 13.0, "countyname": "JACKSON"}, "13159": {"outcome": "COVID Death", "NObs": 4.0, "FEMALE_N": 3.0, "FEMALE_NMiss": 1.0, "FEMALE_Mean": 0.3333333333, "FEMALE_Sum": 1.0, "Race_3_N": 3.0, "Race_3_NMiss": 1.0, "Race_3_Mean": 1.6666666667, "Race_3_Sum": 5.0, "age4cat_N": 4.0, "age4cat_NMiss": 0.0, "age4cat_Mean": 3.5, "age4cat_Sum": 14.0, "cdc_underlying2_N": 1.0, "cdc_underlying2_NMiss": 3.0, "cdc_underlying2_Mean": 1.0, "cdc_underlying2_Sum": 1.0, "femalePmiss": 25.0, "race_3Pmiss": 25.0, "age4catPmiss": 0.0, "cdc_underlying2Pmiss": 75.0, "cdc_underlying2Percent": 100.0, "county": 159.0, "state": 13.0, "countyname": "JASPER"}, "13161": {"outcome": "COVID Death", "NObs": 11.0, "FEMALE_N": 11.0, "FEMALE_NMiss": 0.0, "FEMALE_Mean": 0.4545454545, "FEMALE_Sum": 5.0, "Race_3_N": 11.0, "Race_3_NMiss": 0.0, "Race_3_Mean": 1.3636363636, "Race_3_Sum": 15.0, "age4cat_N": 11.0, "age4cat_NMiss": 0.0, "age4cat_Mean": 3.7272727273, "age4cat_Sum": 41.0, "cdc_underlying2_N": 3.0, "cdc_underlying2_NMiss": 8.0, "cdc_underlying2_Mean": 1.0, "cdc_underlying2_Sum": 3.0, "femalePmiss": 0.0, "race_3Pmiss": 0.0, "age4catPmiss": 0.0, "cdc_underlying2Pmiss": 72.727272727, "cdc_underlying2Percent": 100.0, "county": 161.0, "state": 13.0, "countyname": "JEFF DAVIS"}, "13163": {"outcome": "COVID Death", "NObs": 18.0, "FEMALE_N": 18.0, "FEMALE_NMiss": 0.0, "FEMALE_Mean": 0.6111111111, "FEMALE_Sum": 11.0, "Race_3_N": 17.0, "Race_3_NMiss": 1.0, "Race_3_Mean": 1.5882352941, "Race_3_Sum": 27.0, "age4cat_N": 18.0, "age4cat_NMiss": 0.0, "age4cat_Mean": 3.7222222222, "age4cat_Sum": 67.0, "cdc_underlying2_N": 8.0, "cdc_underlying2_NMiss": 10.0, "cdc_underlying2_Mean": 1.0, "cdc_underlying2_Sum": 8.0, "femalePmiss": 0.0, "race_3Pmiss": 5.5555555556, "age4catPmiss": 0.0, "cdc_underlying2Pmiss": 55.555555556, "cdc_underlying2Percent": 100.0, "county": 163.0, "state": 13.0, "countyname": "JEFFERSON"}, "13165": {"outcome": "COVID Death", "NObs": 25.0, "FEMALE_N": 25.0, "FEMALE_NMiss": 0.0, "FEMALE_Mean": 0.48, "FEMALE_Sum": 12.0, "Race_3_N": 25.0, "Race_3_NMiss": 0.0, "Race_3_Mean": 1.52, "Race_3_Sum": 38.0, "age4cat_N": 25.0, "age4cat_NMiss": 0.0, "age4cat_Mean": 3.6, "age4cat_Sum": 90.0, "cdc_underlying2_N": 18.0, "cdc_underlying2_NMiss": 7.0, "cdc_underlying2_Mean": 0.9444444444, "cdc_underlying2_Sum": 17.0, "femalePmiss": 0.0, "race_3Pmiss": 0.0, "age4catPmiss": 0.0, "cdc_underlying2Pmiss": 28.0, "cdc_underlying2Percent": 94.444444444, "county": 165.0, "state": 13.0, "countyname": "JENKINS"}, "13167": {"outcome": "COVID Death", "NObs": 13.0, "FEMALE_N": 13.0, "FEMALE_NMiss": 0.0, "FEMALE_Mean": 0.3846153846, "FEMALE_Sum": 5.0, "Race_3_N": 12.0, "Race_3_NMiss": 1.0, "Race_3_Mean": 1.75, "Race_3_Sum": 21.0, "age4cat_N": 13.0, "age4cat_NMiss": 0.0, "age4cat_Mean": 3.9230769231, "age4cat_Sum": 51.0, "cdc_underlying2_N": 9.0, "cdc_underlying2_NMiss": 4.0, "cdc_underlying2_Mean": 0.7777777778, "cdc_underlying2_Sum": 7.0, "femalePmiss": 0.0, "race_3Pmiss": 7.6923076923, "age4catPmiss": 0.0, "cdc_underlying2Pmiss": 30.769230769, "cdc_underlying2Percent": 77.777777778, "county": 167.0, "state": 13.0, "countyname": "JOHNSON"}, "13169": {"outcome": "COVID Death", "NObs": 5.0, "FEMALE_N": 5.0, "FEMALE_NMiss": 0.0, "FEMALE_Mean": 0.4, "FEMALE_Sum": 2.0, "Race_3_N": 4.0, "Race_3_NMiss": 1.0, "Race_3_Mean": 1.5, "Race_3_Sum": 6.0, "age4cat_N": 5.0, "age4cat_NMiss": 0.0, "age4cat_Mean": 3.8, "age4cat_Sum": 19.0, "cdc_underlying2_N": 4.0, "cdc_underlying2_NMiss": 1.0, "cdc_underlying2_Mean": 1.0, "cdc_underlying2_Sum": 4.0, "femalePmiss": 0.0, "race_3Pmiss": 20.0, "age4catPmiss": 0.0, "cdc_underlying2Pmiss": 20.0, "cdc_underlying2Percent": 100.0, "county": 169.0, "state": 13.0, "countyname": "JONES"}, "13171": {"outcome": "COVID Death", "NObs": 16.0, "FEMALE_N": 16.0, "FEMALE_NMiss": 0.0, "FEMALE_Mean": 0.6875, "FEMALE_Sum": 11.0, "Race_3_N": 16.0, "Race_3_NMiss": 0.0, "Race_3_Mean": 1.1875, "Race_3_Sum": 19.0, "age4cat_N": 16.0, "age4cat_NMiss": 0.0, "age4cat_Mean": 3.9375, "age4cat_Sum": 63.0, "cdc_underlying2_N": 5.0, "cdc_underlying2_NMiss": 11.0, "cdc_underlying2_Mean": 0.8, "cdc_underlying2_Sum": 4.0, "femalePmiss": 0.0, "race_3Pmiss": 0.0, "age4catPmiss": 0.0, "cdc_underlying2Pmiss": 68.75, "cdc_underlying2Percent": 80.0, "county": 171.0, "state": 13.0, "countyname": "LAMAR"}, "13173": {"outcome": "COVID Death", "NObs": 5.0, "FEMALE_N": 5.0, "FEMALE_NMiss": 0.0, "FEMALE_Mean": 0.2, "FEMALE_Sum": 1.0, "Race_3_N": 5.0, "Race_3_NMiss": 0.0, "Race_3_Mean": 1.4, "Race_3_Sum": 7.0, "age4cat_N": 5.0, "age4cat_NMiss": 0.0, "age4cat_Mean": 3.6, "age4cat_Sum": 18.0, "cdc_underlying2_N": 5.0, "cdc_underlying2_NMiss": 0.0, "cdc_underlying2_Mean": 0.8, "cdc_underlying2_Sum": 4.0, "femalePmiss": 0.0, "race_3Pmiss": 0.0, "age4catPmiss": 0.0, "cdc_underlying2Pmiss": 0.0, "cdc_underlying2Percent": 80.0, "county": 173.0, "state": 13.0, "countyname": "LANIER"}, "13175": {"outcome": "COVID Death", "NObs": 48.0, "FEMALE_N": 47.0, "FEMALE_NMiss": 1.0, "FEMALE_Mean": 0.4042553191, "FEMALE_Sum": 19.0, "Race_3_N": 47.0, "Race_3_NMiss": 1.0, "Race_3_Mean": 1.3617021277, "Race_3_Sum": 64.0, "age4cat_N": 48.0, "age4cat_NMiss": 0.0, "age4cat_Mean": 3.8333333333, "age4cat_Sum": 184.0, "cdc_underlying2_N": 37.0, "cdc_underlying2_NMiss": 11.0, "cdc_underlying2_Mean": 0.8918918919, "cdc_underlying2_Sum": 33.0, "femalePmiss": 2.0833333333, "race_3Pmiss": 2.0833333333, "age4catPmiss": 0.0, "cdc_underlying2Pmiss": 22.916666667, "cdc_underlying2Percent": 89.189189189, "county": 175.0, "state": 13.0, "countyname": "LAURENS"}, "13177": {"outcome": "COVID Death", "NObs": 24.0, "FEMALE_N": 24.0, "FEMALE_NMiss": 0.0, "FEMALE_Mean": 0.5, "FEMALE_Sum": 12.0, "Race_3_N": 23.0, "Race_3_NMiss": 1.0, "Race_3_Mean": 1.6956521739, "Race_3_Sum": 39.0, "age4cat_N": 24.0, "age4cat_NMiss": 0.0, "age4cat_Mean": 3.4166666667, "age4cat_Sum": 82.0, "cdc_underlying2_N": 16.0, "cdc_underlying2_NMiss": 8.0, "cdc_underlying2_Mean": 0.875, "cdc_underlying2_Sum": 14.0, "femalePmiss": 0.0, "race_3Pmiss": 4.1666666667, "age4catPmiss": 0.0, "cdc_underlying2Pmiss": 33.333333333, "cdc_underlying2Percent": 87.5, "county": 177.0, "state": 13.0, "countyname": "LEE"}, "13179": {"outcome": "COVID Death", "NObs": 18.0, "FEMALE_N": 18.0, "FEMALE_NMiss": 0.0, "FEMALE_Mean": 0.3333333333, "FEMALE_Sum": 6.0, "Race_3_N": 18.0, "Race_3_NMiss": 0.0, "Race_3_Mean": 2.0555555556, "Race_3_Sum": 37.0, "age4cat_N": 18.0, "age4cat_NMiss": 0.0, "age4cat_Mean": 3.7222222222, "age4cat_Sum": 67.0, "cdc_underlying2_N": 11.0, "cdc_underlying2_NMiss": 7.0, "cdc_underlying2_Mean": 0.9090909091, "cdc_underlying2_Sum": 10.0, "femalePmiss": 0.0, "race_3Pmiss": 0.0, "age4catPmiss": 0.0, "cdc_underlying2Pmiss": 38.888888889, "cdc_underlying2Percent": 90.909090909, "county": 179.0, "state": 13.0, "countyname": "LIBERTY"}, "13181": {"outcome": "COVID Death", "NObs": 7.0, "FEMALE_N": 7.0, "FEMALE_NMiss": 0.0, "FEMALE_Mean": 0.5714285714, "FEMALE_Sum": 4.0, "Race_3_N": 7.0, "Race_3_NMiss": 0.0, "Race_3_Mean": 1.5714285714, "Race_3_Sum": 11.0, "age4cat_N": 7.0, "age4cat_NMiss": 0.0, "age4cat_Mean": 4.0, "age4cat_Sum": 28.0, "cdc_underlying2_N": 5.0, "cdc_underlying2_NMiss": 2.0, "cdc_underlying2_Mean": 1.0, "cdc_underlying2_Sum": 5.0, "femalePmiss": 0.0, "race_3Pmiss": 0.0, "age4catPmiss": 0.0, "cdc_underlying2Pmiss": 28.571428571, "cdc_underlying2Percent": 100.0, "county": 181.0, "state": 13.0, "countyname": "LINCOLN"}, "13183": {"outcome": "COVID Death", "NObs": 3.0, "FEMALE_N": 3.0, "FEMALE_NMiss": 0.0, "FEMALE_Mean": 0.0, "FEMALE_Sum": 0.0, "Race_3_N": 3.0, "Race_3_NMiss": 0.0, "Race_3_Mean": 1.6666666667, "Race_3_Sum": 5.0, "age4cat_N": 3.0, "age4cat_NMiss": 0.0, "age4cat_Mean": 3.6666666667, "age4cat_Sum": 11.0, "cdc_underlying2_N": 2.0, "cdc_underlying2_NMiss": 1.0, "cdc_underlying2_Mean": 1.0, "cdc_underlying2_Sum": 2.0, "femalePmiss": 0.0, "race_3Pmiss": 0.0, "age4catPmiss": 0.0, "cdc_underlying2Pmiss": 33.333333333, "cdc_underlying2Percent": 100.0, "county": 183.0, "state": 13.0, "countyname": "LONG"}, "13185": {"outcome": "COVID Death", "NObs": 66.0, "FEMALE_N": 66.0, "FEMALE_NMiss": 0.0, "FEMALE_Mean": 0.5454545455, "FEMALE_Sum": 36.0, "Race_3_N": 64.0, "Race_3_NMiss": 2.0, "Race_3_Mean": 1.640625, "Race_3_Sum": 105.0, "age4cat_N": 66.0, "age4cat_NMiss": 0.0, "age4cat_Mean": 3.7424242424, "age4cat_Sum": 247.0, "cdc_underlying2_N": 17.0, "cdc_underlying2_NMiss": 49.0, "cdc_underlying2_Mean": 0.9411764706, "cdc_underlying2_Sum": 16.0, "femalePmiss": 0.0, "race_3Pmiss": 3.0303030303, "age4catPmiss": 0.0, "cdc_underlying2Pmiss": 74.242424242, "cdc_underlying2Percent": 94.117647059, "county": 185.0, "state": 13.0, "countyname": "LOWNDES"}, "13187": {"outcome": "COVID Death", "NObs": 12.0, "FEMALE_N": 12.0, "FEMALE_NMiss": 0.0, "FEMALE_Mean": 0.5833333333, "FEMALE_Sum": 7.0, "Race_3_N": 12.0, "Race_3_NMiss": 0.0, "Race_3_Mean": 1.0, "Race_3_Sum": 12.0, "age4cat_N": 12.0, "age4cat_NMiss": 0.0, "age4cat_Mean": 3.8333333333, "age4cat_Sum": 46.0, "cdc_underlying2_N": 10.0, "cdc_underlying2_NMiss": 2.0, "cdc_underlying2_Mean": 0.9, "cdc_underlying2_Sum": 9.0, "femalePmiss": 0.0, "race_3Pmiss": 0.0, "age4catPmiss": 0.0, "cdc_underlying2Pmiss": 16.666666667, "cdc_underlying2Percent": 90.0, "county": 187.0, "state": 13.0, "countyname": "LUMPKIN"}, "13193": {"outcome": "COVID Death", "NObs": 10.0, "FEMALE_N": 10.0, "FEMALE_NMiss": 0.0, "FEMALE_Mean": 0.2, "FEMALE_Sum": 2.0, "Race_3_N": 9.0, "Race_3_NMiss": 1.0, "Race_3_Mean": 2.0, "Race_3_Sum": 18.0, "age4cat_N": 10.0, "age4cat_NMiss": 0.0, "age4cat_Mean": 3.5, "age4cat_Sum": 35.0, "cdc_underlying2_N": 6.0, "cdc_underlying2_NMiss": 4.0, "cdc_underlying2_Mean": 0.8333333333, "cdc_underlying2_Sum": 5.0, "femalePmiss": 0.0, "race_3Pmiss": 10.0, "age4catPmiss": 0.0, "cdc_underlying2Pmiss": 40.0, "cdc_underlying2Percent": 83.333333333, "county": 193.0, "state": 13.0, "countyname": "MACON"}, "13195": {"outcome": "COVID Death", "NObs": 8.0, "FEMALE_N": 8.0, "FEMALE_NMiss": 0.0, "FEMALE_Mean": 0.5, "FEMALE_Sum": 4.0, "Race_3_N": 8.0, "Race_3_NMiss": 0.0, "Race_3_Mean": 1.25, "Race_3_Sum": 10.0, "age4cat_N": 8.0, "age4cat_NMiss": 0.0, "age4cat_Mean": 3.75, "age4cat_Sum": 30.0, "cdc_underlying2_N": 2.0, "cdc_underlying2_NMiss": 6.0, "cdc_underlying2_Mean": 1.0, "cdc_underlying2_Sum": 2.0, "femalePmiss": 0.0, "race_3Pmiss": 0.0, "age4catPmiss": 0.0, "cdc_underlying2Pmiss": 75.0, "cdc_underlying2Percent": 100.0, "county": 195.0, "state": 13.0, "countyname": "MADISON"}, "13197": {"outcome": "COVID Death", "NObs": 6.0, "FEMALE_N": 6.0, "FEMALE_NMiss": 0.0, "FEMALE_Mean": 0.8333333333, "FEMALE_Sum": 5.0, "Race_3_N": 6.0, "Race_3_NMiss": 0.0, "Race_3_Mean": 1.5, "Race_3_Sum": 9.0, "age4cat_N": 6.0, "age4cat_NMiss": 0.0, "age4cat_Mean": 3.5, "age4cat_Sum": 21.0, "cdc_underlying2_N": 4.0, "cdc_underlying2_NMiss": 2.0, "cdc_underlying2_Mean": 0.75, "cdc_underlying2_Sum": 3.0, "femalePmiss": 0.0, "race_3Pmiss": 0.0, "age4catPmiss": 0.0, "cdc_underlying2Pmiss": 33.333333333, "cdc_underlying2Percent": 75.0, "county": 197.0, "state": 13.0, "countyname": "MARION"}, "13189": {"outcome": "COVID Death", "NObs": 13.0, "FEMALE_N": 13.0, "FEMALE_NMiss": 0.0, "FEMALE_Mean": 0.4615384615, "FEMALE_Sum": 6.0, "Race_3_N": 11.0, "Race_3_NMiss": 2.0, "Race_3_Mean": 1.4545454545, "Race_3_Sum": 16.0, "age4cat_N": 13.0, "age4cat_NMiss": 0.0, "age4cat_Mean": 3.4615384615, "age4cat_Sum": 45.0, "cdc_underlying2_N": 7.0, "cdc_underlying2_NMiss": 6.0, "cdc_underlying2_Mean": 1.0, "cdc_underlying2_Sum": 7.0, "femalePmiss": 0.0, "race_3Pmiss": 15.384615385, "age4catPmiss": 0.0, "cdc_underlying2Pmiss": 46.153846154, "cdc_underlying2Percent": 100.0, "county": 189.0, "state": 13.0, "countyname": "MCDUFFIE"}, "13191": {"outcome": "COVID Death", "NObs": 5.0, "FEMALE_N": 5.0, "FEMALE_NMiss": 0.0, "FEMALE_Mean": 1.0, "FEMALE_Sum": 5.0, "Race_3_N": 4.0, "Race_3_NMiss": 1.0, "Race_3_Mean": 1.25, "Race_3_Sum": 5.0, "age4cat_N": 5.0, "age4cat_NMiss": 0.0, "age4cat_Mean": 3.8, "age4cat_Sum": 19.0, "cdc_underlying2_N": 2.0, "cdc_underlying2_NMiss": 3.0, "cdc_underlying2_Mean": 1.0, "cdc_underlying2_Sum": 2.0, "femalePmiss": 0.0, "race_3Pmiss": 20.0, "age4catPmiss": 0.0, "cdc_underlying2Pmiss": 60.0, "cdc_underlying2Percent": 100.0, "county": 191.0, "state": 13.0, "countyname": "MCINTOSH"}, "13199": {"outcome": "COVID Death", "NObs": 9.0, "FEMALE_N": 9.0, "FEMALE_NMiss": 0.0, "FEMALE_Mean": 0.6666666667, "FEMALE_Sum": 6.0, "Race_3_N": 9.0, "Race_3_NMiss": 0.0, "Race_3_Mean": 1.5555555556, "Race_3_Sum": 14.0, "age4cat_N": 9.0, "age4cat_NMiss": 0.0, "age4cat_Mean": 3.5555555556, "age4cat_Sum": 32.0, "cdc_underlying2_N": 3.0, "cdc_underlying2_NMiss": 6.0, "cdc_underlying2_Mean": 0.6666666667, "cdc_underlying2_Sum": 2.0, "femalePmiss": 0.0, "race_3Pmiss": 0.0, "age4catPmiss": 0.0, "cdc_underlying2Pmiss": 66.666666667, "cdc_underlying2Percent": 66.666666667, "county": 199.0, "state": 13.0, "countyname": "MERIWETHER"}, "13205": {"outcome": "COVID Death", "NObs": 45.0, "FEMALE_N": 45.0, "FEMALE_NMiss": 0.0, "FEMALE_Mean": 0.4666666667, "FEMALE_Sum": 21.0, "Race_3_N": 44.0, "Race_3_NMiss": 1.0, "Race_3_Mean": 1.7727272727, "Race_3_Sum": 78.0, "age4cat_N": 45.0, "age4cat_NMiss": 0.0, "age4cat_Mean": 3.6666666667, "age4cat_Sum": 165.0, "cdc_underlying2_N": 25.0, "cdc_underlying2_NMiss": 20.0, "cdc_underlying2_Mean": 1.0, "cdc_underlying2_Sum": 25.0, "femalePmiss": 0.0, "race_3Pmiss": 2.2222222222, "age4catPmiss": 0.0, "cdc_underlying2Pmiss": 44.444444444, "cdc_underlying2Percent": 100.0, "county": 205.0, "state": 13.0, "countyname": "MITCHELL"}, "13207": {"outcome": "COVID Death", "NObs": 42.0, "FEMALE_N": 42.0, "FEMALE_NMiss": 0.0, "FEMALE_Mean": 0.5714285714, "FEMALE_Sum": 24.0, "Race_3_N": 40.0, "Race_3_NMiss": 2.0, "Race_3_Mean": 1.425, "Race_3_Sum": 57.0, "age4cat_N": 42.0, "age4cat_NMiss": 0.0, "age4cat_Mean": 3.8095238095, "age4cat_Sum": 160.0, "cdc_underlying2_N": 18.0, "cdc_underlying2_NMiss": 24.0, "cdc_underlying2_Mean": 1.0, "cdc_underlying2_Sum": 18.0, "femalePmiss": 0.0, "race_3Pmiss": 4.7619047619, "age4catPmiss": 0.0, "cdc_underlying2Pmiss": 57.142857143, "cdc_underlying2Percent": 100.0, "county": 207.0, "state": 13.0, "countyname": "MONROE"}, "13209": {"outcome": "COVID Death", "NObs": 3.0, "FEMALE_N": 3.0, "FEMALE_NMiss": 0.0, "FEMALE_Mean": 0.6666666667, "FEMALE_Sum": 2.0, "Race_3_N": 3.0, "Race_3_NMiss": 0.0, "Race_3_Mean": 1.3333333333, "Race_3_Sum": 4.0, "age4cat_N": 3.0, "age4cat_NMiss": 0.0, "age4cat_Mean": 3.6666666667, "age4cat_Sum": 11.0, "cdc_underlying2_N": 3.0, "cdc_underlying2_NMiss": 0.0, "cdc_underlying2_Mean": 0.6666666667, "cdc_underlying2_Sum": 2.0, "femalePmiss": 0.0, "race_3Pmiss": 0.0, "age4catPmiss": 0.0, "cdc_underlying2Pmiss": 0.0, "cdc_underlying2Percent": 66.666666667, "county": 209.0, "state": 13.0, "countyname": "MONTGOMERY"}, "13211": {"outcome": "COVID Death", "NObs": 2.0, "FEMALE_N": 2.0, "FEMALE_NMiss": 0.0, "FEMALE_Mean": 0.0, "FEMALE_Sum": 0.0, "Race_3_N": 2.0, "Race_3_NMiss": 0.0, "Race_3_Mean": 1.0, "Race_3_Sum": 2.0, "age4cat_N": 2.0, "age4cat_NMiss": 0.0, "age4cat_Mean": 4.0, "age4cat_Sum": 8.0, "cdc_underlying2_N": 1.0, "cdc_underlying2_NMiss": 1.0, "cdc_underlying2_Mean": 1.0, "cdc_underlying2_Sum": 1.0, "femalePmiss": 0.0, "race_3Pmiss": 0.0, "age4catPmiss": 0.0, "cdc_underlying2Pmiss": 50.0, "cdc_underlying2Percent": 100.0, "county": 211.0, "state": 13.0, "countyname": "MORGAN"}, "13213": {"outcome": "COVID Death", "NObs": 3.0, "FEMALE_N": 3.0, "FEMALE_NMiss": 0.0, "FEMALE_Mean": 0.3333333333, "FEMALE_Sum": 1.0, "Race_3_N": 3.0, "Race_3_NMiss": 0.0, "Race_3_Mean": 1.0, "Race_3_Sum": 3.0, "age4cat_N": 3.0, "age4cat_NMiss": 0.0, "age4cat_Mean": 4.0, "age4cat_Sum": 12.0, "cdc_underlying2_N": 3.0, "cdc_underlying2_NMiss": 0.0, "cdc_underlying2_Mean": 0.3333333333, "cdc_underlying2_Sum": 1.0, "femalePmiss": 0.0, "race_3Pmiss": 0.0, "age4catPmiss": 0.0, "cdc_underlying2Pmiss": 0.0, "cdc_underlying2Percent": 33.333333333, "county": 213.0, "state": 13.0, "countyname": "MURRAY"}, "13215": {"outcome": "COVID Death", "NObs": 135.0, "FEMALE_N": 135.0, "FEMALE_NMiss": 0.0, "FEMALE_Mean": 0.5481481481, "FEMALE_Sum": 74.0, "Race_3_N": 134.0, "Race_3_NMiss": 1.0, "Race_3_Mean": 1.723880597, "Race_3_Sum": 231.0, "age4cat_N": 135.0, "age4cat_NMiss": 0.0, "age4cat_Mean": 3.7259259259, "age4cat_Sum": 503.0, "cdc_underlying2_N": 90.0, "cdc_underlying2_NMiss": 45.0, "cdc_underlying2_Mean": 0.9, "cdc_underlying2_Sum": 81.0, "femalePmiss": 0.0, "race_3Pmiss": 0.7407407407, "age4catPmiss": 0.0, "cdc_underlying2Pmiss": 33.333333333, "cdc_underlying2Percent": 90.0, "county": 215.0, "state": 13.0, "countyname": "MUSCOGEE"}, "13217": {"outcome": "COVID Death", "NObs": 62.0, "FEMALE_N": 62.0, "FEMALE_NMiss": 0.0, "FEMALE_Mean": 0.5322580645, "FEMALE_Sum": 33.0, "Race_3_N": 61.0, "Race_3_NMiss": 1.0, "Race_3_Mean": 1.3770491803, "Race_3_Sum": 84.0, "age4cat_N": 62.0, "age4cat_NMiss": 0.0, "age4cat_Mean": 3.8870967742, "age4cat_Sum": 241.0, "cdc_underlying2_N": 30.0, "cdc_underlying2_NMiss": 32.0, "cdc_underlying2_Mean": 0.8666666667, "cdc_underlying2_Sum": 26.0, "femalePmiss": 0.0, "race_3Pmiss": 1.6129032258, "age4catPmiss": 0.0, "cdc_underlying2Pmiss": 51.612903226, "cdc_underlying2Percent": 86.666666667, "county": 217.0, "state": 13.0, "countyname": "NEWTON"}, "13219": {"outcome": "COVID Death", "NObs": 20.0, "FEMALE_N": 20.0, "FEMALE_NMiss": 0.0, "FEMALE_Mean": 0.5, "FEMALE_Sum": 10.0, "Race_3_N": 20.0, "Race_3_NMiss": 0.0, "Race_3_Mean": 1.2, "Race_3_Sum": 24.0, "age4cat_N": 20.0, "age4cat_NMiss": 0.0, "age4cat_Mean": 3.85, "age4cat_Sum": 77.0, "cdc_underlying2_N": 18.0, "cdc_underlying2_NMiss": 2.0, "cdc_underlying2_Mean": 0.5, "cdc_underlying2_Sum": 9.0, "femalePmiss": 0.0, "race_3Pmiss": 0.0, "age4catPmiss": 0.0, "cdc_underlying2Pmiss": 10.0, "cdc_underlying2Percent": 50.0, "county": 219.0, "state": 13.0, "countyname": "OCONEE"}, "13221": {"outcome": "COVID Death", "NObs": 11.0, "FEMALE_N": 11.0, "FEMALE_NMiss": 0.0, "FEMALE_Mean": 0.1818181818, "FEMALE_Sum": 2.0, "Race_3_N": 11.0, "Race_3_NMiss": 0.0, "Race_3_Mean": 1.3636363636, "Race_3_Sum": 15.0, "age4cat_N": 11.0, "age4cat_NMiss": 0.0, "age4cat_Mean": 3.9090909091, "age4cat_Sum": 43.0, "cdc_underlying2_N": 5.0, "cdc_underlying2_NMiss": 6.0, "cdc_underlying2_Mean": 1.0, "cdc_underlying2_Sum": 5.0, "femalePmiss": 0.0, "race_3Pmiss": 0.0, "age4catPmiss": 0.0, "cdc_underlying2Pmiss": 54.545454545, "cdc_underlying2Percent": 100.0, "county": 221.0, "state": 13.0, "countyname": "OGLETHORPE"}, "13223": {"outcome": "COVID Death", "NObs": 34.0, "FEMALE_N": 34.0, "FEMALE_NMiss": 0.0, "FEMALE_Mean": 0.3529411765, "FEMALE_Sum": 12.0, "Race_3_N": 34.0, "Race_3_NMiss": 0.0, "Race_3_Mean": 1.3235294118, "Race_3_Sum": 45.0, "age4cat_N": 34.0, "age4cat_NMiss": 0.0, "age4cat_Mean": 3.7058823529, "age4cat_Sum": 126.0, "cdc_underlying2_N": 24.0, "cdc_underlying2_NMiss": 10.0, "cdc_underlying2_Mean": 0.7916666667, "cdc_underlying2_Sum": 19.0, "femalePmiss": 0.0, "race_3Pmiss": 0.0, "age4catPmiss": 0.0, "cdc_underlying2Pmiss": 29.411764706, "cdc_underlying2Percent": 79.166666667, "county": 223.0, "state": 13.0, "countyname": "PAULDING"}, "13225": {"outcome": "COVID Death", "NObs": 17.0, "FEMALE_N": 17.0, "FEMALE_NMiss": 0.0, "FEMALE_Mean": 0.6470588235, "FEMALE_Sum": 11.0, "Race_3_N": 17.0, "Race_3_NMiss": 0.0, "Race_3_Mean": 1.7647058824, "Race_3_Sum": 30.0, "age4cat_N": 17.0, "age4cat_NMiss": 0.0, "age4cat_Mean": 3.4705882353, "age4cat_Sum": 59.0, "cdc_underlying2_N": 15.0, "cdc_underlying2_NMiss": 2.0, "cdc_underlying2_Mean": 0.9333333333, "cdc_underlying2_Sum": 14.0, "femalePmiss": 0.0, "race_3Pmiss": 0.0, "age4catPmiss": 0.0, "cdc_underlying2Pmiss": 11.764705882, "cdc_underlying2Percent": 93.333333333, "county": 225.0, "state": 13.0, "countyname": "PEACH"}, "13227": {"outcome": "COVID Death", "NObs": 6.0, "FEMALE_N": 6.0, "FEMALE_NMiss": 0.0, "FEMALE_Mean": 0.5, "FEMALE_Sum": 3.0, "Race_3_N": 6.0, "Race_3_NMiss": 0.0, "Race_3_Mean": 1.0, "Race_3_Sum": 6.0, "age4cat_N": 6.0, "age4cat_NMiss": 0.0, "age4cat_Mean": 4.0, "age4cat_Sum": 24.0, "cdc_underlying2_N": 5.0, "cdc_underlying2_NMiss": 1.0, "cdc_underlying2_Mean": 1.0, "cdc_underlying2_Sum": 5.0, "femalePmiss": 0.0, "race_3Pmiss": 0.0, "age4catPmiss": 0.0, "cdc_underlying2Pmiss": 16.666666667, "cdc_underlying2Percent": 100.0, "county": 227.0, "state": 13.0, "countyname": "PICKENS"}, "13229": {"outcome": "COVID Death", "NObs": 13.0, "FEMALE_N": 13.0, "FEMALE_NMiss": 0.0, "FEMALE_Mean": 0.6923076923, "FEMALE_Sum": 9.0, "Race_3_N": 13.0, "Race_3_NMiss": 0.0, "Race_3_Mean": 1.4615384615, "Race_3_Sum": 19.0, "age4cat_N": 13.0, "age4cat_NMiss": 0.0, "age4cat_Mean": 3.7692307692, "age4cat_Sum": 49.0, "cdc_underlying2_N": 1.0, "cdc_underlying2_NMiss": 12.0, "cdc_underlying2_Mean": 1.0, "cdc_underlying2_Sum": 1.0, "femalePmiss": 0.0, "race_3Pmiss": 0.0, "age4catPmiss": 0.0, "cdc_underlying2Pmiss": 92.307692308, "cdc_underlying2Percent": 100.0, "county": 229.0, "state": 13.0, "countyname": "PIERCE"}, "13231": {"outcome": "COVID Death", "NObs": 8.0, "FEMALE_N": 8.0, "FEMALE_NMiss": 0.0, "FEMALE_Mean": 0.375, "FEMALE_Sum": 3.0, "Race_3_N": 8.0, "Race_3_NMiss": 0.0, "Race_3_Mean": 1.375, "Race_3_Sum": 11.0, "age4cat_N": 8.0, "age4cat_NMiss": 0.0, "age4cat_Mean": 3.75, "age4cat_Sum": 30.0, "cdc_underlying2_N": 6.0, "cdc_underlying2_NMiss": 2.0, "cdc_underlying2_Mean": 0.6666666667, "cdc_underlying2_Sum": 4.0, "femalePmiss": 0.0, "race_3Pmiss": 0.0, "age4catPmiss": 0.0, "cdc_underlying2Pmiss": 25.0, "cdc_underlying2Percent": 66.666666667, "county": 231.0, "state": 13.0, "countyname": "PIKE"}, "13233": {"outcome": "COVID Death", "NObs": 15.0, "FEMALE_N": 15.0, "FEMALE_NMiss": 0.0, "FEMALE_Mean": 0.5333333333, "FEMALE_Sum": 8.0, "Race_3_N": 12.0, "Race_3_NMiss": 3.0, "Race_3_Mean": 1.3333333333, "Race_3_Sum": 16.0, "age4cat_N": 15.0, "age4cat_NMiss": 0.0, "age4cat_Mean": 3.8, "age4cat_Sum": 57.0, "cdc_underlying2_N": 11.0, "cdc_underlying2_NMiss": 4.0, "cdc_underlying2_Mean": 0.8181818182, "cdc_underlying2_Sum": 9.0, "femalePmiss": 0.0, "race_3Pmiss": 20.0, "age4catPmiss": 0.0, "cdc_underlying2Pmiss": 26.666666667, "cdc_underlying2Percent": 81.818181818, "county": 233.0, "state": 13.0, "countyname": "POLK"}, "13235": {"outcome": "COVID Death", "NObs": 7.0, "FEMALE_N": 7.0, "FEMALE_NMiss": 0.0, "FEMALE_Mean": 0.4285714286, "FEMALE_Sum": 3.0, "Race_3_N": 7.0, "Race_3_NMiss": 0.0, "Race_3_Mean": 1.8571428571, "Race_3_Sum": 13.0, "age4cat_N": 7.0, "age4cat_NMiss": 0.0, "age4cat_Mean": 3.7142857143, "age4cat_Sum": 26.0, "cdc_underlying2_N": 5.0, "cdc_underlying2_NMiss": 2.0, "cdc_underlying2_Mean": 0.8, "cdc_underlying2_Sum": 4.0, "femalePmiss": 0.0, "race_3Pmiss": 0.0, "age4catPmiss": 0.0, "cdc_underlying2Pmiss": 28.571428571, "cdc_underlying2Percent": 80.0, "county": 235.0, "state": 13.0, "countyname": "PULASKI"}, "13237": {"outcome": "COVID Death", "NObs": 20.0, "FEMALE_N": 20.0, "FEMALE_NMiss": 0.0, "FEMALE_Mean": 0.45, "FEMALE_Sum": 9.0, "Race_3_N": 20.0, "Race_3_NMiss": 0.0, "Race_3_Mean": 1.8, "Race_3_Sum": 36.0, "age4cat_N": 20.0, "age4cat_NMiss": 0.0, "age4cat_Mean": 3.85, "age4cat_Sum": 77.0, "cdc_underlying2_N": 10.0, "cdc_underlying2_NMiss": 10.0, "cdc_underlying2_Mean": 0.9, "cdc_underlying2_Sum": 9.0, "femalePmiss": 0.0, "race_3Pmiss": 0.0, "age4catPmiss": 0.0, "cdc_underlying2Pmiss": 50.0, "cdc_underlying2Percent": 90.0, "county": 237.0, "state": 13.0, "countyname": "PUTNAM"}, "13239": {"outcome": "COVID Death", "NObs": 1.0, "FEMALE_N": 1.0, "FEMALE_NMiss": 0.0, "FEMALE_Mean": 0.0, "FEMALE_Sum": 0.0, "Race_3_N": 1.0, "Race_3_NMiss": 0.0, "Race_3_Mean": 2.0, "Race_3_Sum": 2.0, "age4cat_N": 1.0, "age4cat_NMiss": 0.0, "age4cat_Mean": 3.0, "age4cat_Sum": 3.0, "cdc_underlying2_N": 1.0, "cdc_underlying2_NMiss": 0.0, "cdc_underlying2_Mean": 1.0, "cdc_underlying2_Sum": 1.0, "femalePmiss": 0.0, "race_3Pmiss": 0.0, "age4catPmiss": 0.0, "cdc_underlying2Pmiss": 0.0, "cdc_underlying2Percent": 100.0, "county": 239.0, "state": 13.0, "countyname": "QUITMAN"}, "13241": {"outcome": "COVID Death", "NObs": 6.0, "FEMALE_N": 6.0, "FEMALE_NMiss": 0.0, "FEMALE_Mean": 0.5, "FEMALE_Sum": 3.0, "Race_3_N": 6.0, "Race_3_NMiss": 0.0, "Race_3_Mean": 1.0, "Race_3_Sum": 6.0, "age4cat_N": 6.0, "age4cat_NMiss": 0.0, "age4cat_Mean": 3.6666666667, "age4cat_Sum": 22.0, "cdc_underlying2_N": 5.0, "cdc_underlying2_NMiss": 1.0, "cdc_underlying2_Mean": 1.0, "cdc_underlying2_Sum": 5.0, "femalePmiss": 0.0, "race_3Pmiss": 0.0, "age4catPmiss": 0.0, "cdc_underlying2Pmiss": 16.666666667, "cdc_underlying2Percent": 100.0, "county": 241.0, "state": 13.0, "countyname": "RABUN"}, "13243": {"outcome": "COVID Death", "NObs": 28.0, "FEMALE_N": 28.0, "FEMALE_NMiss": 0.0, "FEMALE_Mean": 0.6785714286, "FEMALE_Sum": 19.0, "Race_3_N": 22.0, "Race_3_NMiss": 6.0, "Race_3_Mean": 1.7727272727, "Race_3_Sum": 39.0, "age4cat_N": 28.0, "age4cat_NMiss": 0.0, "age4cat_Mean": 3.6785714286, "age4cat_Sum": 103.0, "cdc_underlying2_N": 8.0, "cdc_underlying2_NMiss": 20.0, "cdc_underlying2_Mean": 0.875, "cdc_underlying2_Sum": 7.0, "femalePmiss": 0.0, "race_3Pmiss": 21.428571429, "age4catPmiss": 0.0, "cdc_underlying2Pmiss": 71.428571429, "cdc_underlying2Percent": 87.5, "county": 243.0, "state": 13.0, "countyname": "RANDOLPH"}, "13245": {"outcome": "COVID Death", "NObs": 131.0, "FEMALE_N": 131.0, "FEMALE_NMiss": 0.0, "FEMALE_Mean": 0.3435114504, "FEMALE_Sum": 45.0, "Race_3_N": 127.0, "Race_3_NMiss": 4.0, "Race_3_Mean": 1.5354330709, "Race_3_Sum": 195.0, "age4cat_N": 131.0, "age4cat_NMiss": 0.0, "age4cat_Mean": 3.679389313, "age4cat_Sum": 482.0, "cdc_underlying2_N": 57.0, "cdc_underlying2_NMiss": 74.0, "cdc_underlying2_Mean": 0.9298245614, "cdc_underlying2_Sum": 53.0, "femalePmiss": 0.0, "race_3Pmiss": 3.0534351145, "age4catPmiss": 0.0, "cdc_underlying2Pmiss": 56.488549618, "cdc_underlying2Percent": 92.98245614, "county": 245.0, "state": 13.0, "countyname": "RICHMOND"}, "13247": {"outcome": "COVID Death", "NObs": 33.0, "FEMALE_N": 33.0, "FEMALE_NMiss": 0.0, "FEMALE_Mean": 0.4848484848, "FEMALE_Sum": 16.0, "Race_3_N": 30.0, "Race_3_NMiss": 3.0, "Race_3_Mean": 1.8, "Race_3_Sum": 54.0, "age4cat_N": 33.0, "age4cat_NMiss": 0.0, "age4cat_Mean": 3.4242424242, "age4cat_Sum": 113.0, "cdc_underlying2_N": 22.0, "cdc_underlying2_NMiss": 11.0, "cdc_underlying2_Mean": 0.9090909091, "cdc_underlying2_Sum": 20.0, "femalePmiss": 0.0, "race_3Pmiss": 9.0909090909, "age4catPmiss": 0.0, "cdc_underlying2Pmiss": 33.333333333, "cdc_underlying2Percent": 90.909090909, "county": 247.0, "state": 13.0, "countyname": "ROCKDALE"}, "13249": {"outcome": "COVID Death", "NObs": 2.0, "FEMALE_N": 2.0, "FEMALE_NMiss": 0.0, "FEMALE_Mean": 0.0, "FEMALE_Sum": 0.0, "Race_3_N": 2.0, "Race_3_NMiss": 0.0, "Race_3_Mean": 1.5, "Race_3_Sum": 3.0, "age4cat_N": 2.0, "age4cat_NMiss": 0.0, "age4cat_Mean": 3.5, "age4cat_Sum": 7.0, "cdc_underlying2_N": 2.0, "cdc_underlying2_NMiss": 0.0, "cdc_underlying2_Mean": 1.0, "cdc_underlying2_Sum": 2.0, "femalePmiss": 0.0, "race_3Pmiss": 0.0, "age4catPmiss": 0.0, "cdc_underlying2Pmiss": 0.0, "cdc_underlying2Percent": 100.0, "county": 249.0, "state": 13.0, "countyname": "SCHLEY"}, "13251": {"outcome": "COVID Death", "NObs": 9.0, "FEMALE_N": 9.0, "FEMALE_NMiss": 0.0, "FEMALE_Mean": 0.7777777778, "FEMALE_Sum": 7.0, "Race_3_N": 9.0, "Race_3_NMiss": 0.0, "Race_3_Mean": 1.4444444444, "Race_3_Sum": 13.0, "age4cat_N": 9.0, "age4cat_NMiss": 0.0, "age4cat_Mean": 3.7777777778, "age4cat_Sum": 34.0, "cdc_underlying2_N": 6.0, "cdc_underlying2_NMiss": 3.0, "cdc_underlying2_Mean": 1.0, "cdc_underlying2_Sum": 6.0, "femalePmiss": 0.0, "race_3Pmiss": 0.0, "age4catPmiss": 0.0, "cdc_underlying2Pmiss": 33.333333333, "cdc_underlying2Percent": 100.0, "county": 251.0, "state": 13.0, "countyname": "SCREVEN"}, "13253": {"outcome": "COVID Death", "NObs": 8.0, "FEMALE_N": 8.0, "FEMALE_NMiss": 0.0, "FEMALE_Mean": 0.625, "FEMALE_Sum": 5.0, "Race_3_N": 8.0, "Race_3_NMiss": 0.0, "Race_3_Mean": 1.5, "Race_3_Sum": 12.0, "age4cat_N": 8.0, "age4cat_NMiss": 0.0, "age4cat_Mean": 3.875, "age4cat_Sum": 31.0, "cdc_underlying2_N": 3.0, "cdc_underlying2_NMiss": 5.0, "cdc_underlying2_Mean": 1.0, "cdc_underlying2_Sum": 3.0, "femalePmiss": 0.0, "race_3Pmiss": 0.0, "age4catPmiss": 0.0, "cdc_underlying2Pmiss": 62.5, "cdc_underlying2Percent": 100.0, "county": 253.0, "state": 13.0, "countyname": "SEMINOLE"}, "13255": {"outcome": "COVID Death", "NObs": 51.0, "FEMALE_N": 51.0, "FEMALE_NMiss": 0.0, "FEMALE_Mean": 0.568627451, "FEMALE_Sum": 29.0, "Race_3_N": 51.0, "Race_3_NMiss": 0.0, "Race_3_Mean": 1.4117647059, "Race_3_Sum": 72.0, "age4cat_N": 51.0, "age4cat_NMiss": 0.0, "age4cat_Mean": 3.7843137255, "age4cat_Sum": 193.0, "cdc_underlying2_N": 13.0, "cdc_underlying2_NMiss": 38.0, "cdc_underlying2_Mean": 0.7692307692, "cdc_underlying2_Sum": 10.0, "femalePmiss": 0.0, "race_3Pmiss": 0.0, "age4catPmiss": 0.0, "cdc_underlying2Pmiss": 74.509803922, "cdc_underlying2Percent": 76.923076923, "county": 255.0, "state": 13.0, "countyname": "SPALDING"}, "13257": {"outcome": "COVID Death", "NObs": 27.0, "FEMALE_N": 27.0, "FEMALE_NMiss": 0.0, "FEMALE_Mean": 0.5925925926, "FEMALE_Sum": 16.0, "Race_3_N": 26.0, "Race_3_NMiss": 1.0, "Race_3_Mean": 1.1153846154, "Race_3_Sum": 29.0, "age4cat_N": 27.0, "age4cat_NMiss": 0.0, "age4cat_Mean": 3.8148148148, "age4cat_Sum": 103.0, "cdc_underlying2_N": 23.0, "cdc_underlying2_NMiss": 4.0, "cdc_underlying2_Mean": 0.9565217391, "cdc_underlying2_Sum": 22.0, "femalePmiss": 0.0, "race_3Pmiss": 3.7037037037, "age4catPmiss": 0.0, "cdc_underlying2Pmiss": 14.814814815, "cdc_underlying2Percent": 95.652173913, "county": 257.0, "state": 13.0, "countyname": "STEPHENS"}, "13259": {"outcome": "COVID Death", "NObs": 11.0, "FEMALE_N": 11.0, "FEMALE_NMiss": 0.0, "FEMALE_Mean": 0.5454545455, "FEMALE_Sum": 6.0, "Race_3_N": 11.0, "Race_3_NMiss": 0.0, "Race_3_Mean": 2.0, "Race_3_Sum": 22.0, "age4cat_N": 11.0, "age4cat_NMiss": 0.0, "age4cat_Mean": 3.3636363636, "age4cat_Sum": 37.0, "cdc_underlying2_N": 8.0, "cdc_underlying2_NMiss": 3.0, "cdc_underlying2_Mean": 0.875, "cdc_underlying2_Sum": 7.0, "femalePmiss": 0.0, "race_3Pmiss": 0.0, "age4catPmiss": 0.0, "cdc_underlying2Pmiss": 27.272727273, "cdc_underlying2Percent": 87.5, "county": 259.0, "state": 13.0, "countyname": "STEWART"}, "13261": {"outcome": "COVID Death", "NObs": 60.0, "FEMALE_N": 60.0, "FEMALE_NMiss": 0.0, "FEMALE_Mean": 0.3666666667, "FEMALE_Sum": 22.0, "Race_3_N": 55.0, "Race_3_NMiss": 5.0, "Race_3_Mean": 1.6545454545, "Race_3_Sum": 91.0, "age4cat_N": 60.0, "age4cat_NMiss": 0.0, "age4cat_Mean": 3.7666666667, "age4cat_Sum": 226.0, "cdc_underlying2_N": 33.0, "cdc_underlying2_NMiss": 27.0, "cdc_underlying2_Mean": 0.8484848485, "cdc_underlying2_Sum": 28.0, "femalePmiss": 0.0, "race_3Pmiss": 8.3333333333, "age4catPmiss": 0.0, "cdc_underlying2Pmiss": 45.0, "cdc_underlying2Percent": 84.848484848, "county": 261.0, "state": 13.0, "countyname": "SUMTER"}, "13263": {"outcome": "COVID Death", "NObs": 5.0, "FEMALE_N": 5.0, "FEMALE_NMiss": 0.0, "FEMALE_Mean": 0.4, "FEMALE_Sum": 2.0, "Race_3_N": 5.0, "Race_3_NMiss": 0.0, "Race_3_Mean": 1.4, "Race_3_Sum": 7.0, "age4cat_N": 5.0, "age4cat_NMiss": 0.0, "age4cat_Mean": 3.8, "age4cat_Sum": 19.0, "cdc_underlying2_N": 3.0, "cdc_underlying2_NMiss": 2.0, "cdc_underlying2_Mean": 1.0, "cdc_underlying2_Sum": 3.0, "femalePmiss": 0.0, "race_3Pmiss": 0.0, "age4catPmiss": 0.0, "cdc_underlying2Pmiss": 40.0, "cdc_underlying2Percent": 100.0, "county": 263.0, "state": 13.0, "countyname": "TALBOT"}, "13267": {"outcome": "COVID Death", "NObs": 7.0, "FEMALE_N": 7.0, "FEMALE_NMiss": 0.0, "FEMALE_Mean": 0.5714285714, "FEMALE_Sum": 4.0, "Race_3_N": 7.0, "Race_3_NMiss": 0.0, "Race_3_Mean": 2.0, "Race_3_Sum": 14.0, "age4cat_N": 7.0, "age4cat_NMiss": 0.0, "age4cat_Mean": 3.4285714286, "age4cat_Sum": 24.0, "cdc_underlying2_N": 3.0, "cdc_underlying2_NMiss": 4.0, "cdc_underlying2_Mean": 0.6666666667, "cdc_underlying2_Sum": 2.0, "femalePmiss": 0.0, "race_3Pmiss": 0.0, "age4catPmiss": 0.0, "cdc_underlying2Pmiss": 57.142857143, "cdc_underlying2Percent": 66.666666667, "county": 267.0, "state": 13.0, "countyname": "TATTNALL"}, "13269": {"outcome": "COVID Death", "NObs": 7.0, "FEMALE_N": 7.0, "FEMALE_NMiss": 0.0, "FEMALE_Mean": 0.5714285714, "FEMALE_Sum": 4.0, "Race_3_N": 7.0, "Race_3_NMiss": 0.0, "Race_3_Mean": 1.8571428571, "Race_3_Sum": 13.0, "age4cat_N": 7.0, "age4cat_NMiss": 0.0, "age4cat_Mean": 3.5714285714, "age4cat_Sum": 25.0, "cdc_underlying2_N": 5.0, "cdc_underlying2_NMiss": 2.0, "cdc_underlying2_Mean": 1.0, "cdc_underlying2_Sum": 5.0, "femalePmiss": 0.0, "race_3Pmiss": 0.0, "age4catPmiss": 0.0, "cdc_underlying2Pmiss": 28.571428571, "cdc_underlying2Percent": 100.0, "county": 269.0, "state": 13.0, "countyname": "TAYLOR"}, "13271": {"outcome": "COVID Death", "NObs": 13.0, "FEMALE_N": 13.0, "FEMALE_NMiss": 0.0, "FEMALE_Mean": 0.3846153846, "FEMALE_Sum": 5.0, "Race_3_N": 13.0, "Race_3_NMiss": 0.0, "Race_3_Mean": 1.4615384615, "Race_3_Sum": 19.0, "age4cat_N": 13.0, "age4cat_NMiss": 0.0, "age4cat_Mean": 3.8461538462, "age4cat_Sum": 50.0, "cdc_underlying2_N": 6.0, "cdc_underlying2_NMiss": 7.0, "cdc_underlying2_Mean": 0.8333333333, "cdc_underlying2_Sum": 5.0, "femalePmiss": 0.0, "race_3Pmiss": 0.0, "age4catPmiss": 0.0, "cdc_underlying2Pmiss": 53.846153846, "cdc_underlying2Percent": 83.333333333, "county": 271.0, "state": 13.0, "countyname": "TELFAIR"}, "13273": {"outcome": "COVID Death", "NObs": 31.0, "FEMALE_N": 31.0, "FEMALE_NMiss": 0.0, "FEMALE_Mean": 0.4516129032, "FEMALE_Sum": 14.0, "Race_3_N": 31.0, "Race_3_NMiss": 0.0, "Race_3_Mean": 1.7741935484, "Race_3_Sum": 55.0, "age4cat_N": 31.0, "age4cat_NMiss": 0.0, "age4cat_Mean": 3.7419354839, "age4cat_Sum": 116.0, "cdc_underlying2_N": 17.0, "cdc_underlying2_NMiss": 14.0, "cdc_underlying2_Mean": 1.0, "cdc_underlying2_Sum": 17.0, "femalePmiss": 0.0, "race_3Pmiss": 0.0, "age4catPmiss": 0.0, "cdc_underlying2Pmiss": 45.161290323, "cdc_underlying2Percent": 100.0, "county": 273.0, "state": 13.0, "countyname": "TERRELL"}, "13275": {"outcome": "COVID Death", "NObs": 49.0, "FEMALE_N": 49.0, "FEMALE_NMiss": 0.0, "FEMALE_Mean": 0.4897959184, "FEMALE_Sum": 24.0, "Race_3_N": 49.0, "Race_3_NMiss": 0.0, "Race_3_Mean": 1.387755102, "Race_3_Sum": 68.0, "age4cat_N": 49.0, "age4cat_NMiss": 0.0, "age4cat_Mean": 3.8163265306, "age4cat_Sum": 187.0, "cdc_underlying2_N": 28.0, "cdc_underlying2_NMiss": 21.0, "cdc_underlying2_Mean": 1.0, "cdc_underlying2_Sum": 28.0, "femalePmiss": 0.0, "race_3Pmiss": 0.0, "age4catPmiss": 0.0, "cdc_underlying2Pmiss": 42.857142857, "cdc_underlying2Percent": 100.0, "county": 275.0, "state": 13.0, "countyname": "THOMAS"}, "13277": {"outcome": "COVID Death", "NObs": 49.0, "FEMALE_N": 49.0, "FEMALE_NMiss": 0.0, "FEMALE_Mean": 0.5102040816, "FEMALE_Sum": 25.0, "Race_3_N": 49.0, "Race_3_NMiss": 0.0, "Race_3_Mean": 1.7959183673, "Race_3_Sum": 88.0, "age4cat_N": 49.0, "age4cat_NMiss": 0.0, "age4cat_Mean": 3.5510204082, "age4cat_Sum": 174.0, "cdc_underlying2_N": 39.0, "cdc_underlying2_NMiss": 10.0, "cdc_underlying2_Mean": 0.9230769231, "cdc_underlying2_Sum": 36.0, "femalePmiss": 0.0, "race_3Pmiss": 0.0, "age4catPmiss": 0.0, "cdc_underlying2Pmiss": 20.408163265, "cdc_underlying2Percent": 92.307692308, "county": 277.0, "state": 13.0, "countyname": "TIFT"}, "13279": {"outcome": "COVID Death", "NObs": 19.0, "FEMALE_N": 19.0, "FEMALE_NMiss": 0.0, "FEMALE_Mean": 0.5263157895, "FEMALE_Sum": 10.0, "Race_3_N": 18.0, "Race_3_NMiss": 1.0, "Race_3_Mean": 1.7777777778, "Race_3_Sum": 32.0, "age4cat_N": 19.0, "age4cat_NMiss": 0.0, "age4cat_Mean": 3.8947368421, "age4cat_Sum": 74.0, "cdc_underlying2_N": 11.0, "cdc_underlying2_NMiss": 8.0, "cdc_underlying2_Mean": 1.0, "cdc_underlying2_Sum": 11.0, "femalePmiss": 0.0, "race_3Pmiss": 5.2631578947, "age4catPmiss": 0.0, "cdc_underlying2Pmiss": 42.105263158, "cdc_underlying2Percent": 100.0, "county": 279.0, "state": 13.0, "countyname": "TOOMBS"}, "13281": {"outcome": "COVID Death", "NObs": 6.0, "FEMALE_N": 6.0, "FEMALE_NMiss": 0.0, "FEMALE_Mean": 0.6666666667, "FEMALE_Sum": 4.0, "Race_3_N": 5.0, "Race_3_NMiss": 1.0, "Race_3_Mean": 1.0, "Race_3_Sum": 5.0, "age4cat_N": 6.0, "age4cat_NMiss": 0.0, "age4cat_Mean": 3.8333333333, "age4cat_Sum": 23.0, "cdc_underlying2_N": 5.0, "cdc_underlying2_NMiss": 1.0, "cdc_underlying2_Mean": 1.0, "cdc_underlying2_Sum": 5.0, "femalePmiss": 0.0, "race_3Pmiss": 16.666666667, "age4catPmiss": 0.0, "cdc_underlying2Pmiss": 16.666666667, "cdc_underlying2Percent": 100.0, "county": 281.0, "state": 13.0, "countyname": "TOWNS"}, "13283": {"outcome": "COVID Death", "NObs": 5.0, "FEMALE_N": 5.0, "FEMALE_NMiss": 0.0, "FEMALE_Mean": 0.4, "FEMALE_Sum": 2.0, "Race_3_N": 5.0, "Race_3_NMiss": 0.0, "Race_3_Mean": 1.8, "Race_3_Sum": 9.0, "age4cat_N": 5.0, "age4cat_NMiss": 0.0, "age4cat_Mean": 3.4, "age4cat_Sum": 17.0, "cdc_underlying2_N": 5.0, "cdc_underlying2_NMiss": 0.0, "cdc_underlying2_Mean": 1.0, "cdc_underlying2_Sum": 5.0, "femalePmiss": 0.0, "race_3Pmiss": 0.0, "age4catPmiss": 0.0, "cdc_underlying2Pmiss": 0.0, "cdc_underlying2Percent": 100.0, "county": 283.0, "state": 13.0, "countyname": "TREUTLEN"}, "13285": {"outcome": "COVID Death", "NObs": 85.0, "FEMALE_N": 84.0, "FEMALE_NMiss": 1.0, "FEMALE_Mean": 0.630952381, "FEMALE_Sum": 53.0, "Race_3_N": 84.0, "Race_3_NMiss": 1.0, "Race_3_Mean": 1.4761904762, "Race_3_Sum": 124.0, "age4cat_N": 85.0, "age4cat_NMiss": 0.0, "age4cat_Mean": 3.7411764706, "age4cat_Sum": 318.0, "cdc_underlying2_N": 28.0, "cdc_underlying2_NMiss": 57.0, "cdc_underlying2_Mean": 0.7857142857, "cdc_underlying2_Sum": 22.0, "femalePmiss": 1.1764705882, "race_3Pmiss": 1.1764705882, "age4catPmiss": 0.0, "cdc_underlying2Pmiss": 67.058823529, "cdc_underlying2Percent": 78.571428571, "county": 285.0, "state": 13.0, "countyname": "TROUP"}, "13287": {"outcome": "COVID Death", "NObs": 21.0, "FEMALE_N": 21.0, "FEMALE_NMiss": 0.0, "FEMALE_Mean": 0.380952381, "FEMALE_Sum": 8.0, "Race_3_N": 21.0, "Race_3_NMiss": 0.0, "Race_3_Mean": 1.6666666667, "Race_3_Sum": 35.0, "age4cat_N": 21.0, "age4cat_NMiss": 0.0, "age4cat_Mean": 3.6666666667, "age4cat_Sum": 77.0, "cdc_underlying2_N": 13.0, "cdc_underlying2_NMiss": 8.0, "cdc_underlying2_Mean": 0.9230769231, "cdc_underlying2_Sum": 12.0, "femalePmiss": 0.0, "race_3Pmiss": 0.0, "age4catPmiss": 0.0, "cdc_underlying2Pmiss": 38.095238095, "cdc_underlying2Percent": 92.307692308, "county": 287.0, "state": 13.0, "countyname": "TURNER"}, "13289": {"outcome": "COVID Death", "NObs": 7.0, "FEMALE_N": 6.0, "FEMALE_NMiss": 1.0, "FEMALE_Mean": 0.1666666667, "FEMALE_Sum": 1.0, "Race_3_N": 7.0, "Race_3_NMiss": 0.0, "Race_3_Mean": 2.0, "Race_3_Sum": 14.0, "age4cat_N": 7.0, "age4cat_NMiss": 0.0, "age4cat_Mean": 3.2857142857, "age4cat_Sum": 23.0, "cdc_underlying2_N": 5.0, "cdc_underlying2_NMiss": 2.0, "cdc_underlying2_Mean": 1.0, "cdc_underlying2_Sum": 5.0, "femalePmiss": 14.285714286, "race_3Pmiss": 0.0, "age4catPmiss": 0.0, "cdc_underlying2Pmiss": 28.571428571, "cdc_underlying2Percent": 100.0, "county": 289.0, "state": 13.0, "countyname": "TWIGGS"}, "13291": {"outcome": "COVID Death", "NObs": 11.0, "FEMALE_N": 11.0, "FEMALE_NMiss": 0.0, "FEMALE_Mean": 0.4545454545, "FEMALE_Sum": 5.0, "Race_3_N": 11.0, "Race_3_NMiss": 0.0, "Race_3_Mean": 1.0, "Race_3_Sum": 11.0, "age4cat_N": 11.0, "age4cat_NMiss": 0.0, "age4cat_Mean": 3.9090909091, "age4cat_Sum": 43.0, "cdc_underlying2_N": 8.0, "cdc_underlying2_NMiss": 3.0, "cdc_underlying2_Mean": 1.0, "cdc_underlying2_Sum": 8.0, "femalePmiss": 0.0, "race_3Pmiss": 0.0, "age4catPmiss": 0.0, "cdc_underlying2Pmiss": 27.272727273, "cdc_underlying2Percent": 100.0, "county": 291.0, "state": 13.0, "countyname": "UNION"}, "13293": {"outcome": "COVID Death", "NObs": 57.0, "FEMALE_N": 57.0, "FEMALE_NMiss": 0.0, "FEMALE_Mean": 0.5789473684, "FEMALE_Sum": 33.0, "Race_3_N": 56.0, "Race_3_NMiss": 1.0, "Race_3_Mean": 1.4107142857, "Race_3_Sum": 79.0, "age4cat_N": 57.0, "age4cat_NMiss": 0.0, "age4cat_Mean": 3.7543859649, "age4cat_Sum": 214.0, "cdc_underlying2_N": 17.0, "cdc_underlying2_NMiss": 40.0, "cdc_underlying2_Mean": 1.0, "cdc_underlying2_Sum": 17.0, "femalePmiss": 0.0, "race_3Pmiss": 1.7543859649, "age4catPmiss": 0.0, "cdc_underlying2Pmiss": 70.175438596, "cdc_underlying2Percent": 100.0, "county": 293.0, "state": 13.0, "countyname": "UPSON"}, "13295": {"outcome": "COVID Death", "NObs": 22.0, "FEMALE_N": 22.0, "FEMALE_NMiss": 0.0, "FEMALE_Mean": 0.5, "FEMALE_Sum": 11.0, "Race_3_N": 20.0, "Race_3_NMiss": 2.0, "Race_3_Mean": 1.0, "Race_3_Sum": 20.0, "age4cat_N": 22.0, "age4cat_NMiss": 0.0, "age4cat_Mean": 3.8181818182, "age4cat_Sum": 84.0, "cdc_underlying2_N": 17.0, "cdc_underlying2_NMiss": 5.0, "cdc_underlying2_Mean": 0.8823529412, "cdc_underlying2_Sum": 15.0, "femalePmiss": 0.0, "race_3Pmiss": 9.0909090909, "age4catPmiss": 0.0, "cdc_underlying2Pmiss": 22.727272727, "cdc_underlying2Percent": 88.235294118, "county": 295.0, "state": 13.0, "countyname": "WALKER"}, "13297": {"outcome": "COVID Death", "NObs": 48.0, "FEMALE_N": 48.0, "FEMALE_NMiss": 0.0, "FEMALE_Mean": 0.4583333333, "FEMALE_Sum": 22.0, "Race_3_N": 48.0, "Race_3_NMiss": 0.0, "Race_3_Mean": 1.2708333333, "Race_3_Sum": 61.0, "age4cat_N": 48.0, "age4cat_NMiss": 0.0, "age4cat_Mean": 3.875, "age4cat_Sum": 186.0, "cdc_underlying2_N": 24.0, "cdc_underlying2_NMiss": 24.0, "cdc_underlying2_Mean": 0.7916666667, "cdc_underlying2_Sum": 19.0, "femalePmiss": 0.0, "race_3Pmiss": 0.0, "age4catPmiss": 0.0, "cdc_underlying2Pmiss": 50.0, "cdc_underlying2Percent": 79.166666667, "county": 297.0, "state": 13.0, "countyname": "WALTON"}, "13299": {"outcome": "COVID Death", "NObs": 45.0, "FEMALE_N": 45.0, "FEMALE_NMiss": 0.0, "FEMALE_Mean": 0.4, "FEMALE_Sum": 18.0, "Race_3_N": 45.0, "Race_3_NMiss": 0.0, "Race_3_Mean": 1.4222222222, "Race_3_Sum": 64.0, "age4cat_N": 45.0, "age4cat_NMiss": 0.0, "age4cat_Mean": 3.6888888889, "age4cat_Sum": 166.0, "cdc_underlying2_N": 22.0, "cdc_underlying2_NMiss": 23.0, "cdc_underlying2_Mean": 0.9545454545, "cdc_underlying2_Sum": 21.0, "femalePmiss": 0.0, "race_3Pmiss": 0.0, "age4catPmiss": 0.0, "cdc_underlying2Pmiss": 51.111111111, "cdc_underlying2Percent": 95.454545455, "county": 299.0, "state": 13.0, "countyname": "WARE"}, "13301": {"outcome": "COVID Death", "NObs": 5.0, "FEMALE_N": 5.0, "FEMALE_NMiss": 0.0, "FEMALE_Mean": 0.4, "FEMALE_Sum": 2.0, "Race_3_N": 5.0, "Race_3_NMiss": 0.0, "Race_3_Mean": 1.2, "Race_3_Sum": 6.0, "age4cat_N": 5.0, "age4cat_NMiss": 0.0, "age4cat_Mean": 3.6, "age4cat_Sum": 18.0, "cdc_underlying2_N": 2.0, "cdc_underlying2_NMiss": 3.0, "cdc_underlying2_Mean": 1.0, "cdc_underlying2_Sum": 2.0, "femalePmiss": 0.0, "race_3Pmiss": 0.0, "age4catPmiss": 0.0, "cdc_underlying2Pmiss": 60.0, "cdc_underlying2Percent": 100.0, "county": 301.0, "state": 13.0, "countyname": "WARREN"}, "13303": {"outcome": "COVID Death", "NObs": 4.0, "FEMALE_N": 4.0, "FEMALE_NMiss": 0.0, "FEMALE_Mean": 0.25, "FEMALE_Sum": 1.0, "Race_3_N": 4.0, "Race_3_NMiss": 0.0, "Race_3_Mean": 1.5, "Race_3_Sum": 6.0, "age4cat_N": 4.0, "age4cat_NMiss": 0.0, "age4cat_Mean": 3.25, "age4cat_Sum": 13.0, "cdc_underlying2_N": 4.0, "cdc_underlying2_NMiss": 0.0, "cdc_underlying2_Mean": 1.0, "cdc_underlying2_Sum": 4.0, "femalePmiss": 0.0, "race_3Pmiss": 0.0, "age4catPmiss": 0.0, "cdc_underlying2Pmiss": 0.0, "cdc_underlying2Percent": 100.0, "county": 303.0, "state": 13.0, "countyname": "WASHINGTON"}, "13305": {"outcome": "COVID Death", "NObs": 25.0, "FEMALE_N": 25.0, "FEMALE_NMiss": 0.0, "FEMALE_Mean": 0.44, "FEMALE_Sum": 11.0, "Race_3_N": 24.0, "Race_3_NMiss": 1.0, "Race_3_Mean": 1.3333333333, "Race_3_Sum": 32.0, "age4cat_N": 25.0, "age4cat_NMiss": 0.0, "age4cat_Mean": 3.8, "age4cat_Sum": 95.0, "cdc_underlying2_N": 20.0, "cdc_underlying2_NMiss": 5.0, "cdc_underlying2_Mean": 1.0, "cdc_underlying2_Sum": 20.0, "femalePmiss": 0.0, "race_3Pmiss": 4.0, "age4catPmiss": 0.0, "cdc_underlying2Pmiss": 20.0, "cdc_underlying2Percent": 100.0, "county": 305.0, "state": 13.0, "countyname": "WAYNE"}, "13307": {"outcome": "COVID Death", "NObs": 2.0, "FEMALE_N": 2.0, "FEMALE_NMiss": 0.0, "FEMALE_Mean": 0.5, "FEMALE_Sum": 1.0, "Race_3_N": 2.0, "Race_3_NMiss": 0.0, "Race_3_Mean": 1.5, "Race_3_Sum": 3.0, "age4cat_N": 2.0, "age4cat_NMiss": 0.0, "age4cat_Mean": 3.0, "age4cat_Sum": 6.0, "cdc_underlying2_N": 2.0, "cdc_underlying2_NMiss": 0.0, "cdc_underlying2_Mean": 1.0, "cdc_underlying2_Sum": 2.0, "femalePmiss": 0.0, "race_3Pmiss": 0.0, "age4catPmiss": 0.0, "cdc_underlying2Pmiss": 0.0, "cdc_underlying2Percent": 100.0, "county": 307.0, "state": 13.0, "countyname": "WEBSTER"}, "13309": {"outcome": "COVID Death", "NObs": 6.0, "FEMALE_N": 6.0, "FEMALE_NMiss": 0.0, "FEMALE_Mean": 0.0, "FEMALE_Sum": 0.0, "Race_3_N": 6.0, "Race_3_NMiss": 0.0, "Race_3_Mean": 2.1666666667, "Race_3_Sum": 13.0, "age4cat_N": 6.0, "age4cat_NMiss": 0.0, "age4cat_Mean": 3.3333333333, "age4cat_Sum": 20.0, "cdc_underlying2_N": 3.0, "cdc_underlying2_NMiss": 3.0, "cdc_underlying2_Mean": 0.6666666667, "cdc_underlying2_Sum": 2.0, "femalePmiss": 0.0, "race_3Pmiss": 0.0, "age4catPmiss": 0.0, "cdc_underlying2Pmiss": 50.0, "cdc_underlying2Percent": 66.666666667, "county": 309.0, "state": 13.0, "countyname": "WHEELER"}, "13311": {"outcome": "COVID Death", "NObs": 13.0, "FEMALE_N": 13.0, "FEMALE_NMiss": 0.0, "FEMALE_Mean": 0.5384615385, "FEMALE_Sum": 7.0, "Race_3_N": 13.0, "Race_3_NMiss": 0.0, "Race_3_Mean": 1.0, "Race_3_Sum": 13.0, "age4cat_N": 13.0, "age4cat_NMiss": 0.0, "age4cat_Mean": 3.6153846154, "age4cat_Sum": 47.0, "cdc_underlying2_N": 12.0, "cdc_underlying2_NMiss": 1.0, "cdc_underlying2_Mean": 0.9166666667, "cdc_underlying2_Sum": 11.0, "femalePmiss": 0.0, "race_3Pmiss": 0.0, "age4catPmiss": 0.0, "cdc_underlying2Pmiss": 7.6923076923, "cdc_underlying2Percent": 91.666666667, "county": 311.0, "state": 13.0, "countyname": "WHITE"}, "13313": {"outcome": "COVID Death", "NObs": 53.0, "FEMALE_N": 53.0, "FEMALE_NMiss": 0.0, "FEMALE_Mean": 0.358490566, "FEMALE_Sum": 19.0, "Race_3_N": 47.0, "Race_3_NMiss": 6.0, "Race_3_Mean": 1.8723404255, "Race_3_Sum": 88.0, "age4cat_N": 53.0, "age4cat_NMiss": 0.0, "age4cat_Mean": 3.7358490566, "age4cat_Sum": 198.0, "cdc_underlying2_N": 43.0, "cdc_underlying2_NMiss": 10.0, "cdc_underlying2_Mean": 0.7441860465, "cdc_underlying2_Sum": 32.0, "femalePmiss": 0.0, "race_3Pmiss": 11.320754717, "age4catPmiss": 0.0, "cdc_underlying2Pmiss": 18.867924528, "cdc_underlying2Percent": 74.418604651, "county": 313.0, "state": 13.0, "countyname": "WHITFIELD"}, "13315": {"outcome": "COVID Death", "NObs": 20.0, "FEMALE_N": 20.0, "FEMALE_NMiss": 0.0, "FEMALE_Mean": 0.4, "FEMALE_Sum": 8.0, "Race_3_N": 20.0, "Race_3_NMiss": 0.0, "Race_3_Mean": 1.35, "Race_3_Sum": 27.0, "age4cat_N": 20.0, "age4cat_NMiss": 0.0, "age4cat_Mean": 3.9, "age4cat_Sum": 78.0, "cdc_underlying2_N": 14.0, "cdc_underlying2_NMiss": 6.0, "cdc_underlying2_Mean": 0.9285714286, "cdc_underlying2_Sum": 13.0, "femalePmiss": 0.0, "race_3Pmiss": 0.0, "age4catPmiss": 0.0, "cdc_underlying2Pmiss": 30.0, "cdc_underlying2Percent": 92.857142857, "county": 315.0, "state": 13.0, "countyname": "WILCOX"}, "13317": {"outcome": "COVID Death", "NObs": 3.0, "FEMALE_N": 3.0, "FEMALE_NMiss": 0.0, "FEMALE_Mean": 0.6666666667, "FEMALE_Sum": 2.0, "Race_3_N": 3.0, "Race_3_NMiss": 0.0, "Race_3_Mean": 1.3333333333, "Race_3_Sum": 4.0, "age4cat_N": 3.0, "age4cat_NMiss": 0.0, "age4cat_Mean": 3.6666666667, "age4cat_Sum": 11.0, "cdc_underlying2_N": 1.0, "cdc_underlying2_NMiss": 2.0, "cdc_underlying2_Mean": 1.0, "cdc_underlying2_Sum": 1.0, "femalePmiss": 0.0, "race_3Pmiss": 0.0, "age4catPmiss": 0.0, "cdc_underlying2Pmiss": 66.666666667, "cdc_underlying2Percent": 100.0, "county": 317.0, "state": 13.0, "countyname": "WILKES"}, "13319": {"outcome": "COVID Death", "NObs": 17.0, "FEMALE_N": 17.0, "FEMALE_NMiss": 0.0, "FEMALE_Mean": 0.5882352941, "FEMALE_Sum": 10.0, "Race_3_N": 17.0, "Race_3_NMiss": 0.0, "Race_3_Mean": 1.6470588235, "Race_3_Sum": 28.0, "age4cat_N": 17.0, "age4cat_NMiss": 0.0, "age4cat_Mean": 3.7058823529, "age4cat_Sum": 63.0, "cdc_underlying2_N": 11.0, "cdc_underlying2_NMiss": 6.0, "cdc_underlying2_Mean": 1.0, "cdc_underlying2_Sum": 11.0, "femalePmiss": 0.0, "race_3Pmiss": 0.0, "age4catPmiss": 0.0, "cdc_underlying2Pmiss": 35.294117647, "cdc_underlying2Percent": 100.0, "county": 319.0, "state": 13.0, "countyname": "WILKINSON"}, "13321": {"outcome": "COVID Death", "NObs": 29.0, "FEMALE_N": 29.0, "FEMALE_NMiss": 0.0, "FEMALE_Mean": 0.5172413793, "FEMALE_Sum": 15.0, "Race_3_N": 29.0, "Race_3_NMiss": 0.0, "Race_3_Mean": 1.5172413793, "Race_3_Sum": 44.0, "age4cat_N": 29.0, "age4cat_NMiss": 0.0, "age4cat_Mean": 3.6551724138, "age4cat_Sum": 106.0, "cdc_underlying2_N": 19.0, "cdc_underlying2_NMiss": 10.0, "cdc_underlying2_Mean": 0.9473684211, "cdc_underlying2_Sum": 18.0, "femalePmiss": 0.0, "race_3Pmiss": 0.0, "age4catPmiss": 0.0, "cdc_underlying2Pmiss": 34.482758621, "cdc_underlying2Percent": 94.736842105, "county": 321.0, "state": 13.0, "countyname": "WORTH"}}