{
    "cvi_index": {
        "low20": {
            "casesdailymean7R": 29.075896665419354,
            "deathsdailymean7R": 0.1395656917419355,
            "casescum14dayR": 408.41829689032255,
            "deathscum14dayR": 2.9584822123548387,
            "county_list": [
                "117",
                "113",
                "219",
                "053",
                "223",
                "047",
                "059",
                "085",
                "073",
                "067",
                "291",
                "057",
                "103",
                "077",
                "231",
                "139",
                "135",
                "245",
                "083",
                "151",
                "187",
                "311",
                "145",
                "227",
                "121",
                "133",
                "185",
                "029",
                "031",
                "013",
                "175"
            ]
        },
        "Q2": {
            "casesdailymean7R": 19.035486352129034,
            "deathsdailymean7R": 0.09341297329032258,
            "casescum14dayR": 304.55643772580646,
            "deathscum14dayR": 3.951089233580646,
            "county_list": [
                "039",
                "295",
                "089",
                "237",
                "051",
                "169",
                "025",
                "297",
                "111",
                "299",
                "281",
                "009",
                "127",
                "011",
                "277",
                "213",
                "257",
                "313",
                "171",
                "015",
                "101",
                "215",
                "143",
                "137",
                "293",
                "249",
                "097",
                "115",
                "129",
                "157",
                "211"
            ]
        },
        "Q3": {
            "casesdailymean7R": 16.31784733103226,
            "deathsdailymean7R": 0.2712272741612903,
            "casescum14dayR": 286.66034049225806,
            "deathscum14dayR": 7.526889489096773,
            "county_list": [
                "177",
                "149",
                "247",
                "021",
                "229",
                "195",
                "179",
                "017",
                "023",
                "019",
                "241",
                "221",
                "035",
                "095",
                "153",
                "033",
                "305",
                "125",
                "191",
                "207",
                "285",
                "079",
                "197",
                "147",
                "235",
                "201",
                "233",
                "173",
                "217",
                "159",
                "275"
            ]
        },
        "Q4": {
            "casesdailymean7R": 20.490860681129032,
            "deathsdailymean7R": 0.1968349909677419,
            "casescum14dayR": 327.0464959580645,
            "deathscum14dayR": 5.679277569290322,
            "county_list": [
                "183",
                "255",
                "045",
                "091",
                "301",
                "055",
                "123",
                "049",
                "309",
                "225",
                "181",
                "321",
                "253",
                "005",
                "071",
                "161",
                "209",
                "087",
                "063",
                "001",
                "119",
                "155",
                "105",
                "271",
                "317",
                "069",
                "315",
                "189",
                "199",
                "081",
                "141"
            ]
        },
        "high20": {
            "casesdailymean7R": 24.970700003571434,
            "deathsdailymean7R": 0.18480773679999998,
            "casescum14dayR": 360.5927244960001,
            "deathscum14dayR": 6.482456094485715,
            "county_list": [
                "289",
                "107",
                "267",
                "027",
                "307",
                "007",
                "263",
                "319",
                "131",
                "099",
                "167",
                "261",
                "251",
                "279",
                "075",
                "283",
                "193",
                "303",
                "037",
                "205",
                "003",
                "109",
                "043",
                "165",
                "273",
                "163",
                "269",
                "265",
                "093",
                "259",
                "065",
                "243",
                "287",
                "239",
                "061"
            ]
        }
    },
    "s_index": {
        "low20": {
            "casesdailymean7R": 20.656202441235298,
            "deathsdailymean7R": 0.19257091985294117,
            "county_list": [
                "265",
                "125",
                "083",
                "239",
                "241",
                "061",
                "111",
                "281",
                "291",
                "183",
                "307",
                "093",
                "309",
                "221",
                "219",
                "085",
                "319",
                "301",
                "091",
                "165",
                "177",
                "259",
                "251",
                "303",
                "271",
                "269",
                "075",
                "009",
                "197",
                "249",
                "235",
                "181",
                "145",
                "289"
            ]
        },
        "Q2": {
            "casesdailymean7R": 20.338176836857144,
            "deathsdailymean7R": 0.20466336310714286,
            "county_list": [
                "263",
                "039",
                "173",
                "199",
                "043",
                "163",
                "279",
                "007",
                "321",
                "149",
                "153",
                "065",
                "081",
                "037",
                "003",
                "233",
                "315",
                "243",
                "029",
                "317",
                "017",
                "033",
                "105",
                "179",
                "195",
                "247",
                "141",
                "229"
            ]
        },
        "Q3": {
            "casesdailymean7R": 21.375343828621624,
            "deathsdailymean7R": 0.08754721532432434,
            "county_list": [
                "131",
                "159",
                "107",
                "005",
                "045",
                "047",
                "073",
                "231",
                "223",
                "261",
                "169",
                "099",
                "059",
                "267",
                "295",
                "103",
                "147",
                "143",
                "097",
                "109",
                "101",
                "207",
                "063",
                "069",
                "023",
                "135",
                "057",
                "137",
                "217",
                "157",
                "119",
                "049",
                "031",
                "027",
                "155",
                "171",
                "025"
            ]
        },
        "Q4": {
            "casesdailymean7R": 27.089913084111117,
            "deathsdailymean7R": 0.3038811382222222,
            "county_list": [
                "013",
                "123",
                "053",
                "151",
                "285",
                "193",
                "087",
                "209",
                "205",
                "283",
                "015",
                "275",
                "313",
                "201",
                "175",
                "189",
                "139",
                "019",
                "211",
                "297",
                "035",
                "129",
                "299",
                "133",
                "161",
                "077",
                "255"
            ]
        },
        "high20": {
            "casesdailymean7R": 21.587942808545453,
            "deathsdailymean7R": 0.13571262066666667,
            "county_list": [
                "001",
                "067",
                "257",
                "293",
                "287",
                "311",
                "011",
                "117",
                "071",
                "305",
                "245",
                "225",
                "079",
                "055",
                "253",
                "113",
                "273",
                "115",
                "051",
                "167",
                "095",
                "185",
                "127",
                "277",
                "237",
                "227",
                "187",
                "021",
                "215",
                "213",
                "191",
                "121",
                "089"
            ]
        }
    },
    "age65over": {
        "low20": {
            "casesdailymean7R": 26.669877431129038,
            "deathsdailymean7R": 0.06789351758064517
        },
        "Q2": {
            "casesdailymean7R": 20.414834179290324,
            "deathsdailymean7R": 0.13110424948387095
        },
        "Q3": {
            "casesdailymean7R": 20.644441102677416,
            "deathsdailymean7R": 0.23297961290322583
        },
        "Q4": {
            "casesdailymean7R": 21.853257136677424,
            "deathsdailymean7R": 0.26134664577419353
        },
        "high20": {
            "casesdailymean7R": 20.841217620085718,
            "deathsdailymean7R": 0.1916427092857143
        }
    },
    "male": {
        "low20": {
            "casesdailymean7R": 21.3972804427742,
            "deathsdailymean7R": 0.24111001177419353
        },
        "Q2": {
            "casesdailymean7R": 18.120581273,
            "deathsdailymean7R": 0.1174784315483871
        },
        "Q3": {
            "casesdailymean7R": 16.650792216612906,
            "deathsdailymean7R": 0.18668008074193548
        },
        "Q4": {
            "casesdailymean7R": 23.630315497516133,
            "deathsdailymean7R": 0.12628744387096774
        },
        "high20": {
            "casesdailymean7R": 29.50655056340001,
            "deathsdailymean7R": 0.21092298905714288
        }
    },
    "black": {
        "low20": {
            "casesdailymean7R": 18.92853446858065,
            "deathsdailymean7R": 0.09589325777419357
        },
        "Q2": {
            "casesdailymean7R": 26.25185667522581,
            "deathsdailymean7R": 0.16453942983870967
        },
        "Q3": {
            "casesdailymean7R": 24.5359808062258,
            "deathsdailymean7R": 0.24650589503225806
        },
        "Q4": {
            "casesdailymean7R": 24.657065407516125,
            "deathsdailymean7R": 0.2521499280967742
        },
        "high20": {
            "casesdailymean7R": 16.5977361132,
            "deathsdailymean7R": 0.1333941654285714
        }
    },
    "hispanic": {
        "low20": {
            "casesdailymean7R": 17.75793351183871,
            "deathsdailymean7R": 0.2031409581935484
        },
        "Q2": {
            "casesdailymean7R": 23.683003544096774,
            "deathsdailymean7R": 0.19542809851612902
        },
        "Q3": {
            "casesdailymean7R": 21.864301682451615,
            "deathsdailymean7R": 0.1958863672903226
        },
        "Q4": {
            "casesdailymean7R": 18.91144673745161,
            "deathsdailymean7R": 0.19118078851612902
        },
        "high20": {
            "casesdailymean7R": 27.365144922714286,
            "deathsdailymean7R": 0.10988048671428573
        }
    },
    "minority": {
        "low20": {
            "casesdailymean7R": 20.263459923419354,
            "deathsdailymean7R": 0.12821169712903227
        },
        "Q2": {
            "casesdailymean7R": 18.237006352387098,
            "deathsdailymean7R": 0.24105770767741935
        },
        "Q3": {
            "casesdailymean7R": 34.229643771000006,
            "deathsdailymean7R": 0.13374468496774194
        },
        "Q4": {
            "casesdailymean7R": 22.85585671467742,
            "deathsdailymean7R": 0.3044969015806452
        },
        "high20": {
            "casesdailymean7R": 15.523781498285715,
            "deathsdailymean7R": 0.0905056826
        }
    },
    "groupquater": {
        "low20": {
            "casesdailymean7R": 15.73607157132258,
            "deathsdailymean7R": 0.11894717548387096
        },
        "Q2": {
            "casesdailymean7R": 16.91929866319355,
            "deathsdailymean7R": 0.2635444385161291
        },
        "Q3": {
            "casesdailymean7R": 21.721359791806453,
            "deathsdailymean7R": 0.19846380370967742
        },
        "Q4": {
            "casesdailymean7R": 22.24340611990323,
            "deathsdailymean7R": 0.07348353083870968
        },
        "high20": {
            "casesdailymean7R": 32.32208861465714,
            "deathsdailymean7R": 0.22608377765714285
        }
    },
    "hhincome": {
        "low20": {
            "casesdailymean7R": 24.528749144322585,
            "deathsdailymean7R": 0.16015119780645157
        },
        "Q2": {
            "casesdailymean7R": 22.37419609767742,
            "deathsdailymean7R": 0.15678417103225803
        },
        "Q3": {
            "casesdailymean7R": 21.508506062129033,
            "deathsdailymean7R": 0.24380005374193545
        },
        "Q4": {
            "casesdailymean7R": 26.048617072258068,
            "deathsdailymean7R": 0.22213169916129033
        },
        "high20": {
            "casesdailymean7R": 16.521005782228574,
            "deathsdailymean7R": 0.11233310997142856
        }
    },
    "poverty": {
        "low20": {
            "casesdailymean7R": 17.436667472516127,
            "deathsdailymean7R": 0.0691190598064516
        },
        "Q2": {
            "casesdailymean7R": 22.49993605767742,
            "deathsdailymean7R": 0.17897603193548386
        },
        "Q3": {
            "casesdailymean7R": 18.959350765677417,
            "deathsdailymean7R": 0.2644036076129032
        },
        "Q4": {
            "casesdailymean7R": 21.114839605516128,
            "deathsdailymean7R": 0.19896729438709676
        },
        "high20": {
            "casesdailymean7R": 29.318934602942857,
            "deathsdailymean7R": 0.17557410905714285
        }
    },
    "diabetes": {
        "low20": {
            "casesdailymean7R": 20.13195715574193,
            "deathsdailymean7R": 0.1502799991612903
        },
        "Q2": {
            "casesdailymean7R": 29.0324276852258,
            "deathsdailymean7R": 0.30216786061290324
        },
        "Q3": {
            "casesdailymean7R": 24.046134111129042,
            "deathsdailymean7R": 0.18222425003225803
        },
        "Q4": {
            "casesdailymean7R": 18.84091861970968,
            "deathsdailymean7R": 0.1643462346451613
        },
        "high20": {
            "casesdailymean7R": 18.654364494857145,
            "deathsdailymean7R": 0.0980277412857143
        }
    },
    "obesity": {
        "low20": {
            "casesdailymean7R": 19.833829572161292,
            "deathsdailymean7R": 0.08877251867741935
        },
        "Q2": {
            "casesdailymean7R": 21.291420391000003,
            "deathsdailymean7R": 0.1189213461875
        },
        "Q3": {
            "casesdailymean7R": 19.52998425176667,
            "deathsdailymean7R": 0.28226574103333324
        },
        "Q4": {
            "casesdailymean7R": 25.66715442815625,
            "deathsdailymean7R": 0.18304111953125
        },
        "high20": {
            "casesdailymean7R": 23.61984363361765,
            "deathsdailymean7R": 0.21523001205882353
        }
    },
    "natives": {
        "low20": {
            "casesdailymean7R": 22.32254143616129,
            "deathsdailymean7R": 0.250195579
        },
        "Q2": {
            "casesdailymean7R": 19.263611031999996,
            "deathsdailymean7R": 0.17963236545161287
        },
        "Q3": {
            "casesdailymean7R": 19.08396580606452,
            "deathsdailymean7R": 0.1799656013548387
        },
        "Q4": {
            "casesdailymean7R": 27.589408618322583,
            "deathsdailymean7R": 0.052369169709677414
        },
        "high20": {
            "casesdailymean7R": 22.012913953628573,
            "deathsdailymean7R": 0.2192427269142857
        }
    },
    "urbanrural": {
        "LargeCentralMetro": {
            "casesdailymean7R": 12.21688824,
            "deathsdailymean7R": 0.025993379
        },
        "LargeFringeMetro": {
            "casesdailymean7R": 13.3379485025,
            "deathsdailymean7R": 0.055688733428571426
        },
        "MediumMetro": {
            "casesdailymean7R": 30.802513707333336,
            "deathsdailymean7R": 0.08485029420000002
        },
        "Micropolitan(Nonmetro)": {
            "casesdailymean7R": 28.01387940107143,
            "deathsdailymean7R": 0.24354246642857144
        },
        "NonCore(Nonmetro)": {
            "casesdailymean7R": 23.56554010047369,
            "deathsdailymean7R": 0.19761277415789477
        },
        "SmallMetro": {
            "casesdailymean7R": 17.70519203896667,
            "deathsdailymean7R": 0.24197967026666667
        }
    }
}