{
  "99999": [
    {
      "t": 1585713600,
      "todaydate": 1585713600,
      "casesdaily": 0,
      "casescum": 0,
      "casesdailymean7": 0,
      "hospcum": 0,
      "hospdaily": 0,
      "hospdailymean7": 0,
      "hospdailymean14": 0,
      "deathsdaily": 0,
      "deathscum": 0,
      "deathsdailymean7": 0,
      "population": 0,
      "casescumR": 0,
      "casesdailyR": 0,
      "casesdailymean7R": 0,
      "hospcumR": 0,
      "hospdailyR": 0,
      "hospdailymean7R": 0,
      "hospdailymean14R": 0,
      "deathscumR": 0,
      "deathsdailyR": 0,
      "deathsdailymean7R": 0,
      "cfr": 0,
      "cfrcompare": "None",
      "casescum14dayR": 0,
      "casescum14day": 0,
      "deathscum14day": 0,
      "deathscum14dayR": 0,
      "category14day": "None",
      "change14day": "None"
    }
  ]
}