{
  "outcome": {},
  "NObs": {},
  "FEMALE_N": {},
  "FEMALE_NMiss": {},
  "FEMALE_Mean": {},
  "FEMALE_Sum": {},
  "Label_Race_3": {},
  "Race_3_N": {},
  "Race_3_NMiss": {},
  "Race_3_Mean": {},
  "Race_3_Sum": {},
  "age4cat_N": {},
  "age4cat_NMiss": {},
  "age4cat_Mean": {},
  "age4cat_Sum": {},
  "cdc_underlying2_N": {},
  "cdc_underlying2_NMiss": {},
  "cdc_underlying2_Mean": {},
  "cdc_underlying2_Sum": {},
  "femalePmiss": {},
  "race_3Pmiss": {},
  "age4catPmiss": {},
  "cdc_underlying2Pmiss": {},
  "cdc_underlying2Percent": {},
  "county": {},
  "state": {},
  "countyname": {},
  "countyname2": {},
  "cdc_underlying_NMiss": {}
}