{
  "date": {
    "name": "Date"
  },
  "Q174631": {
    "name": "Date"
  },
  "firstdate": {
    "name": "Date"
  },
  "casesdaily": {
    "name": "Daily new cases"
  },
  "casescum": {
    "name": "Total cases"
  },
  "casesdailymean7": {
    "name": "Daily new cases, 7-d rolling average"
  },
  "casescum14day": {
    "name": "Daily new cases, 14-d rolling average"
  },
  "hospcum": {
    "name": "Total hospitalizations"
  },
  "hospdaily": {
    "name": "Daily new hospitalizations"
  },
  "hospdailymean7": {
    "name": "Daily new hospitalizations, 7-d rolling average"
  },
  "Q174689": {
    "name": "Date of death"
  },
  "firstdatedeath": {
    "name": "Date of death"
  },
  "deathsdaily": {
    "name": "Daily new deaths"
  },
  "deathscum": {
    "name": "Total deaths"
  },
  "deathsdailymean7": {
    "name": "Daily new deaths 7-d rolling average"
  },
  "deathscum14day": {
    "name": "None"
  },
  "population": {
    "name": "Population"
  },
  "casedate": {
    "name": "None"
  },
  "deathdate": {
    "name": "None"
  },
  "Female": {
    "name": "None"
  },
  "Male": {
    "name": "None"
  },
  "White__NH": {
    "name": "None"
  },
  "Black__NH": {
    "name": "None"
  },
  "Hispanic": {
    "name": "None"
  },
  "Other__NH": {
    "name": "None"
  },
  "cfr": {
    "name": "Case fatality ratio"
  },
  "cfrcompare": {
    "name": "None"
  },
  "hospdailymean14": {
    "name": "None"
  },
  "casescumR": {
    "name": "Total cases per 100,000"
  },
  "casesdailyR": {
    "name": "Daily new cases per 100,000"
  },
  "casesdailymean7R": {
    "name": "Daily new cases per 100,000, 7-d rolling average"
  },
  "casescum14dayR": {
    "name": "None"
  },
  "hospcumR": {
    "name": "Total hospitalizations per 100,000"
  },
  "hospdailyR": {
    "name": "Daily new hospitalizations per 100,000"
  },
  "hospdailymean7R": {
    "name": "Daily new hospitalizations per 100,000, 7-d rolling average"
  },
  "hospdailymean14R": {
    "name": "Daily new hospitalizations per 100,000, 14-d rolling average"
  },
  "deathscumR": {
    "name": "Total deaths per 100,000"
  },
  "deathsdailyR": {
    "name": "Daily new deaths per 100,000"
  },
  "deathsdailymean7R": {
    "name": "Daily new deaths per 100,000 7-d rolling average"
  },
  "deathscum14dayR": {
    "name": "None"
  },
  "category14day": {
    "name": "None"
  },
  "change14day": {
    "name": "None"
  },
  "county": {
    "name": "County Fips"
  },
  "state": {
    "name": "State Fips"
  }
}