{
  "countyname": {
    "name": "County",
    "category": NaN
  },
  "total_rateD": {
    "name": "Total",
    "category": "Total"
  },
  "female_rateD": {
    "name": "Female",
    "category": "Sex"
  },
  "male_rateD": {
    "name": "Male",
    "category": "Sex"
  },
  "white_rateD": {
    "name": "White",
    "category": "Race/ethnicity"
  },
  "black_rateD": {
    "name": "Black",
    "category": "Race/ethnicity"
  },
  "hispanic_rateD": {
    "name": "Hispanic",
    "category": "Race/ethnicity"
  },
  "otherNH_rateD": {
    "name": "Other",
    "category": "Race/ethnicity"
  },
  "rate019ageD": {
    "name": "<18 y",
    "category": "Age"
  },
  "rate2044ageD": {
    "name": "18-44 y",
    "category": "Age"
  },
  "rate4564ageD": {
    "name": "45-64 y",
    "category": "Age"
  },
  "rate65ageD": {
    "name": "65+ y",
    "category": "Age"
  },
  "county": {
    "name": "countyfip",
    "category": NaN
  }
}